combo,run,best_train_loss,final_train_loss,visual_loss,visual_counts,trained_type_fractions,trained_j,m1,m2,m3,f12,f33,shell_distance,full_image,hidden_image
wfrac_5/w12_1/ratio_1-1-8/ncells_120,train-pattern-3,-6.522280305187009,-1.6278388257580056,-1.6457154243409704,"[16, 20, 84]","[0.10000000000000003, 0.10000000000000003, 0.8]","[3.369800473985719, 2.8699426500958687, 2.460641977120509, 3.2560295469217886, 3.6423192940188667, 3.442448894400627]",0.1472165826627041,0.17821825672626188,0.2519580431296605,0.04298810766050744,0.04445668418302026,-2.381951963456538,/home/sol856/jax-morph/results-natcompsci-2025/concentric-ring-my-own/trained_models_patterns_salt_pepper_sweep/wfrac_5/w12_1/ratio_1-1-8/ncells_120/visualizations/train-pattern-3-final.png,/home/sol856/jax-morph/results-natcompsci-2025/concentric-ring-my-own/trained_models_patterns_salt_pepper_sweep/wfrac_5/w12_1/ratio_1-1-8/ncells_120/visualizations/train-pattern-3-final-hide-type-3.png
wfrac_5/w12_0/ratio_1-1-8/ncells_120,train-pattern-1,-4.466489593139459,-1.4666475277147863,-0.1508429604617285,"[19, 19, 82]","[0.0997399243602917, 0.09970681675243852, 0.8005532588872698]","[1.9313404309315376, 2.327293696795671, 1.8240798234399034, 1.3545873169336362, 2.842459171932732, 3.2977799804179817]",0.14560973491969473,0.13664141177267525,0.12742948260219528,0.045747123462993845,0.06677941085694286,-1.7658390122204184,/home/sol856/jax-morph/results-natcompsci-2025/concentric-ring-my-own/trained_models_patterns_salt_pepper_sweep/wfrac_5/w12_0/ratio_1-1-8/ncells_120/visualizations/train-pattern-1-final.png,/home/sol856/jax-morph/results-natcompsci-2025/concentric-ring-my-own/trained_models_patterns_salt_pepper_sweep/wfrac_5/w12_0/ratio_1-1-8/ncells_120/visualizations/train-pattern-1-final-hide-type-3.png
wfrac_5/w12_0/ratio_1-1-4/ncells_120,train-pattern-0,-4.280925301871642,-0.28952921184716623,0.2503515507868326,"[21, 20, 79]","[0.07651810136350712, 0.0765207166205941, 0.8469611820158987]","[1.131428105305646, 1.738796808563463, 2.2675299869143464, 2.3314836380815303, 1.7147269819532152, 3.5953136562246355]",0.16022015797720687,0.1643588128906863,0.1335636183653508,0.029213165518307747,0.0711388590569233,-1.7309408332955145,/home/sol856/jax-morph/results-natcompsci-2025/concentric-ring-my-own/trained_models_patterns_salt_pepper_sweep/wfrac_5/w12_0/ratio_1-1-4/ncells_120/visualizations/train-pattern-0-final.png,/home/sol856/jax-morph/results-natcompsci-2025/concentric-ring-my-own/trained_models_patterns_salt_pepper_sweep/wfrac_5/w12_0/ratio_1-1-4/ncells_120/visualizations/train-pattern-0-final-hide-type-3.png
wfrac_5/w12_1/ratio_1-1-8/ncells_120,train-pattern-4,-4.0649743916136964,-0.18590471098374642,-0.2625046285558763,"[17, 15, 88]","[0.047786639634793605, 0.08165217420639512, 0.8705611861588113]","[1.1251600706791853, 2.0631588868331923, 0.8672198098781513, 3.3274433530890484, 3.4978669754586207, 3.2523132217988318]",0.17254645357783768,0.1200330709861348,0.14051149669152208,0.06421144346549515,0.06476547360250713,-1.7837389374173924,/home/sol856/jax-morph/results-natcompsci-2025/concentric-ring-my-own/trained_models_patterns_salt_pepper_sweep/wfrac_5/w12_1/ratio_1-1-8/ncells_120/visualizations/train-pattern-4-final.png,/home/sol856/jax-morph/results-natcompsci-2025/concentric-ring-my-own/trained_models_patterns_salt_pepper_sweep/wfrac_5/w12_1/ratio_1-1-8/ncells_120/visualizations/train-pattern-4-final-hide-type-3.png
wfrac_1/w12_1/ratio_1-1-4/ncells_120,train-pattern-0,-3.9912543201533874,-0.6071344094144191,-0.9507150144085964,"[26, 26, 68]","[0.1553856627459218, 0.1148189581765898, 0.7297953790774884]","[3.254367997428446, 1.0133896932909838, 1.0402574064085344, 3.4119727724090225, 2.9184375956400226, 3.1367012278173902]",0.11188192622453373,0.11137356311910249,0.13715953005602843,0.08054091996429634,0.06093382516949229,-1.7920675124898702,/home/sol856/jax-morph/results-natcompsci-2025/concentric-ring-my-own/trained_models_patterns_salt_pepper_sweep/wfrac_1/w12_1/ratio_1-1-4/ncells_120/visualizations/train-pattern-0-final.png,/home/sol856/jax-morph/results-natcompsci-2025/concentric-ring-my-own/trained_models_patterns_salt_pepper_sweep/wfrac_1/w12_1/ratio_1-1-4/ncells_120/visualizations/train-pattern-0-final-hide-type-3.png
wfrac_0/w12_1/ratio_1-1-8/ncells_120,train-pattern-1,-3.837354669492955,-1.6763757879223393,-0.03958866918400731,"[19, 19, 82]","[0.10001978183460238, 0.10008681096004496, 0.7998934072053526]","[1.9801733923321672, 1.1799443682653914, 2.401439688224888, 1.1374799891346212, 1.0135411858531735, 3.782576604654727]",0.13509002441223905,0.2343103698243564,0.18075488837219042,0.04192650788011303,0.06394507347566349,-1.948062293423608,/home/sol856/jax-morph/results-natcompsci-2025/concentric-ring-my-own/trained_models_patterns_salt_pepper_sweep/wfrac_0/w12_1/ratio_1-1-8/ncells_120/visualizations/train-pattern-1-final.png,/home/sol856/jax-morph/results-natcompsci-2025/concentric-ring-my-own/trained_models_patterns_salt_pepper_sweep/wfrac_0/w12_1/ratio_1-1-8/ncells_120/visualizations/train-pattern-1-final-hide-type-3.png
wfrac_1/w12_1/ratio_1-1-8/ncells_120,train-pattern-2,-3.484918226388814,-1.7033468347615373,-0.23548041543025017,"[26, 20, 74]","[0.09999999999998904, 0.09999999999998549, 0.8000000000000255]","[1.3076211241325382, 0.8750792039718502, 3.6882280094836277, 3.3548894300576553, 3.4461096267367823, 1.7939661477852948]",0.10266613373035154,0.1952310365086743,0.14058420526920434,0.10341695083620762,0.06314218652325428,-1.7683353008155116,/home/sol856/jax-morph/results-natcompsci-2025/concentric-ring-my-own/trained_models_patterns_salt_pepper_sweep/wfrac_1/w12_1/ratio_1-1-8/ncells_120/visualizations/train-pattern-2-final.png,/home/sol856/jax-morph/results-natcompsci-2025/concentric-ring-my-own/trained_models_patterns_salt_pepper_sweep/wfrac_1/w12_1/ratio_1-1-8/ncells_120/visualizations/train-pattern-2-final-hide-type-3.png
wfrac_1/w12_0/ratio_1-1-4/ncells_120,train-pattern-0,-3.3643357288275375,-0.24026814084069287,-0.6536691901628691,"[29, 26, 65]","[0.1838149074599701, 0.157903079146331, 0.6582820133936989]","[3.0529944801343856, 1.4093189414494534, 3.7354017775162083, 1.8635878169933517, 2.29335318881904, 2.9095701384971226]",0.11859415810896534,0.16456871842925955,0.16216763430342485,0.06705490836365113,0.06454675039194499,-1.9281683629028146,/home/sol856/jax-morph/results-natcompsci-2025/concentric-ring-my-own/trained_models_patterns_salt_pepper_sweep/wfrac_1/w12_0/ratio_1-1-4/ncells_120/visualizations/train-pattern-0-final.png,/home/sol856/jax-morph/results-natcompsci-2025/concentric-ring-my-own/trained_models_patterns_salt_pepper_sweep/wfrac_1/w12_0/ratio_1-1-4/ncells_120/visualizations/train-pattern-0-final-hide-type-3.png
wfrac_1/w12_0/ratio_1-1-8/ncells_120,train-pattern-2,-3.3630007767567935,-0.669284058483381,-0.21264341132856773,"[26, 19, 75]","[0.10885551271078202, 0.09597227289126561, 0.7951722143979523]","[3.614412361158708, 1.0782926789150458, 2.0167727236962225, 1.065922175583557, 1.7594971027528967, 3.638234058704631]",0.11558472344279737,0.19965155194664677,0.15719814315653446,0.043704236889925765,0.06528448131673553,-1.8583092149744,/home/sol856/jax-morph/results-natcompsci-2025/concentric-ring-my-own/trained_models_patterns_salt_pepper_sweep/wfrac_1/w12_0/ratio_1-1-8/ncells_120/visualizations/train-pattern-2-final.png,/home/sol856/jax-morph/results-natcompsci-2025/concentric-ring-my-own/trained_models_patterns_salt_pepper_sweep/wfrac_1/w12_0/ratio_1-1-8/ncells_120/visualizations/train-pattern-2-final-hide-type-3.png
wfrac_0/w12_0/ratio_1-1-8/ncells_120,train-pattern-1,-3.306548928883553,-0.9246110806770713,-0.9100366159394001,"[16, 16, 88]","[0.045493077676316516, 0.05532944254808379, 0.8991774797755997]","[1.9109258058596337, 2.7791650753806807, 1.4799732869396915, 3.0833670128271313, 1.2597202821769038, 3.2861325453667165]",0.13327737120134717,0.10491790857587392,0.1461322824096699,0.07162769403460055,0.060431975415182415,-1.8910985650300944,/home/sol856/jax-morph/results-natcompsci-2025/concentric-ring-my-own/trained_models_patterns_salt_pepper_sweep/wfrac_0/w12_0/ratio_1-1-8/ncells_120/visualizations/train-pattern-1-final.png,/home/sol856/jax-morph/results-natcompsci-2025/concentric-ring-my-own/trained_models_patterns_salt_pepper_sweep/wfrac_0/w12_0/ratio_1-1-8/ncells_120/visualizations/train-pattern-1-final-hide-type-3.png
wfrac_1/w12_0/ratio_1-1-8/ncells_120,train-pattern-0,-3.245883210686398,-1.257093885381766,-1.4715501489660165,"[17, 13, 90]","[0.05441376999516449, 0.01953943159091192, 0.9260467984139236]","[3.403024347714969, 3.678629548433384, 2.398007145500345, 3.747717829999119, 3.7529395900876787, 1.7173440492136776]",0.09633796213892637,0.08497667198634601,0.14541804157125418,0.1406547857348084,0.04985734509937961,-1.8803734196055781,/home/sol856/jax-morph/results-natcompsci-2025/concentric-ring-my-own/trained_models_patterns_salt_pepper_sweep/wfrac_1/w12_0/ratio_1-1-8/ncells_120/visualizations/train-pattern-0-final.png,/home/sol856/jax-morph/results-natcompsci-2025/concentric-ring-my-own/trained_models_patterns_salt_pepper_sweep/wfrac_1/w12_0/ratio_1-1-8/ncells_120/visualizations/train-pattern-0-final-hide-type-3.png
wfrac_1/w12_0/ratio_1-1-4/ncells_120,train-pattern-3,-3.2167761615539714,-0.6680251946625683,-1.2392079134303087,"[16, 19, 85]","[0.12432703888924597, 0.06697340867129091, 0.8086995524394631]","[1.7448058857058508, 1.7454292957602833, 0.8164930438011948, 1.0016385334102236, 2.354564510587597, 3.296561720431887]",0.18817321785098173,0.13528870890895656,0.22461530025151494,0.04363659544644187,0.057287362945167584,-2.2849615414597095,/home/sol856/jax-morph/results-natcompsci-2025/concentric-ring-my-own/trained_models_patterns_salt_pepper_sweep/wfrac_1/w12_0/ratio_1-1-4/ncells_120/visualizations/train-pattern-3-final.png,/home/sol856/jax-morph/results-natcompsci-2025/concentric-ring-my-own/trained_models_patterns_salt_pepper_sweep/wfrac_1/w12_0/ratio_1-1-4/ncells_120/visualizations/train-pattern-3-final-hide-type-3.png
wfrac_0/w12_1/ratio_1-1-4/ncells_40,train-pattern-1,-3.119083245621585,-0.9745555452585234,-1.9041319529044434,"[4, 4, 32]","[0.009506438293687938, 0.004743380635932272, 0.9857501810703797]","[3.5726405995428516, 0.8955364217120969, 2.5440164211644607, 3.0746392314382787, 3.050548811077493, 1.5174489998372573]",0.10020855060953325,0.10333307670624625,0.19914788480491602,0.6757893524733644,0.11077609738544589,-1.3830561229251597,/home/sol856/jax-morph/results-natcompsci-2025/concentric-ring-my-own/trained_models_patterns_salt_pepper_sweep/wfrac_0/w12_1/ratio_1-1-4/ncells_40/visualizations/train-pattern-1-final.png,/home/sol856/jax-morph/results-natcompsci-2025/concentric-ring-my-own/trained_models_patterns_salt_pepper_sweep/wfrac_0/w12_1/ratio_1-1-4/ncells_40/visualizations/train-pattern-1-final-hide-type-3.png
wfrac_5/w12_0/ratio_1-1-4/ncells_120,train-pattern-4,-3.0899485048592594,-0.6944943067209036,-0.7054107298625559,"[19, 30, 71]","[0.09113133829389017, 0.16046881035814192, 0.748399851347968]","[2.8182183291052647, 1.8514235405852537, 3.282773141198331, 3.5563119255789184, 1.7152617785463384, 2.820147973382783]",0.10044029490291032,0.14090654876077907,0.13561234119379562,0.07119706737647154,0.06185562644999194,-1.8246113810114855,/home/sol856/jax-morph/results-natcompsci-2025/concentric-ring-my-own/trained_models_patterns_salt_pepper_sweep/wfrac_5/w12_0/ratio_1-1-4/ncells_120/visualizations/train-pattern-4-final.png,/home/sol856/jax-morph/results-natcompsci-2025/concentric-ring-my-own/trained_models_patterns_salt_pepper_sweep/wfrac_5/w12_0/ratio_1-1-4/ncells_120/visualizations/train-pattern-4-final-hide-type-3.png
wfrac_5/w12_0/ratio_1-1-8/ncells_120,train-pattern-2,-3.0200564852990004,-0.8205517572522879,-0.7920049068765769,"[26, 20, 74]","[0.10376084080106165, 0.10659877563373557, 0.7896403835652028]","[3.153305657362405, 2.6318252972018126, 2.8181738096684414, 3.786550897497256, 2.138357261247511, 2.5622271610436265]",0.10600679050374863,0.13013825605882662,0.1404039118425001,0.07692594078655375,0.054684203571822035,-1.8041004576491506,/home/sol856/jax-morph/results-natcompsci-2025/concentric-ring-my-own/trained_models_patterns_salt_pepper_sweep/wfrac_5/w12_0/ratio_1-1-8/ncells_120/visualizations/train-pattern-2-final.png,/home/sol856/jax-morph/results-natcompsci-2025/concentric-ring-my-own/trained_models_patterns_salt_pepper_sweep/wfrac_5/w12_0/ratio_1-1-8/ncells_120/visualizations/train-pattern-2-final-hide-type-3.png
wfrac_5/w12_0/ratio_1-1-4/ncells_120,train-pattern-1,-2.9799952977243627,-1.4694397935621715,-0.8984398930967931,"[25, 32, 63]","[0.1666666663549545, 0.1666666666854405, 0.6666666669596051]","[0.8849023329400765, 3.4709088381884303, 3.74838525748506, 3.655682192530284, 1.0704451093188907, 1.5447576735716564]",0.10141570704228714,0.13940205981402742,0.151685475261283,0.08909063663792609,0.05369303692509713,-1.8434558459722057,/home/sol856/jax-morph/results-natcompsci-2025/concentric-ring-my-own/trained_models_patterns_salt_pepper_sweep/wfrac_5/w12_0/ratio_1-1-4/ncells_120/visualizations/train-pattern-1-final.png,/home/sol856/jax-morph/results-natcompsci-2025/concentric-ring-my-own/trained_models_patterns_salt_pepper_sweep/wfrac_5/w12_0/ratio_1-1-4/ncells_120/visualizations/train-pattern-1-final-hide-type-3.png
wfrac_5/w12_0/ratio_1-1-4/ncells_120,train-pattern-2,-2.632548257696374,-1.1923911985064275,-1.1226329263472188,"[21, 20, 79]","[0.13002682953967865, 0.16077833128038718, 0.7091948391799342]","[3.7696205593406678, 3.3211583994137506, 3.478728227494228, 1.6267636383267288, 1.6900656021626568, 1.039616137875694]",0.08269007292004217,0.12536313265873703,0.1419325409480784,0.09518209656549878,0.05397063159018788,-1.8378102042444144,/home/sol856/jax-morph/results-natcompsci-2025/concentric-ring-my-own/trained_models_patterns_salt_pepper_sweep/wfrac_5/w12_0/ratio_1-1-4/ncells_120/visualizations/train-pattern-2-final.png,/home/sol856/jax-morph/results-natcompsci-2025/concentric-ring-my-own/trained_models_patterns_salt_pepper_sweep/wfrac_5/w12_0/ratio_1-1-4/ncells_120/visualizations/train-pattern-2-final-hide-type-3.png
wfrac_1/w12_1/ratio_1-1-8/ncells_120,train-pattern-1,-2.5687717635542833,-2.1624968879541173,-2.301272040878358,"[22, 17, 81]","[0.1312825007841935, 0.06927653292737537, 0.7994409662884311]","[3.6372729473664807, 3.397856528863744, 0.9239410319930311, 3.7262179118718572, 0.9796542277125396, 1.0427755674543249]",0.09960833008553475,0.0966801865408914,0.2022845984427099,0.14548867665298665,0.03793532336785256,-2.133757869430386,/home/sol856/jax-morph/results-natcompsci-2025/concentric-ring-my-own/trained_models_patterns_salt_pepper_sweep/wfrac_1/w12_1/ratio_1-1-8/ncells_120/visualizations/train-pattern-1-final.png,/home/sol856/jax-morph/results-natcompsci-2025/concentric-ring-my-own/trained_models_patterns_salt_pepper_sweep/wfrac_1/w12_1/ratio_1-1-8/ncells_120/visualizations/train-pattern-1-final-hide-type-3.png
wfrac_5/w12_1/ratio_1-1-4/ncells_120,train-pattern-0,-2.553979394689532,-2.086381934652855,-2.408637166102898,"[28, 26, 66]","[0.17021312203383374, 0.16359301614624175, 0.6661938618199246]","[3.039510612548466, 3.5905871572294377, 0.9369974186974332, 3.2667190689155934, 0.8190653584389157, 0.9079009274050946]",0.09891036277580947,0.1001624449731747,0.21121550402440564,0.13846229759876208,0.03241043843225321,-2.181158344182174,/home/sol856/jax-morph/results-natcompsci-2025/concentric-ring-my-own/trained_models_patterns_salt_pepper_sweep/wfrac_5/w12_1/ratio_1-1-4/ncells_120/visualizations/train-pattern-0-final.png,/home/sol856/jax-morph/results-natcompsci-2025/concentric-ring-my-own/trained_models_patterns_salt_pepper_sweep/wfrac_5/w12_1/ratio_1-1-4/ncells_120/visualizations/train-pattern-0-final-hide-type-3.png
wfrac_0/w12_1/ratio_1-1-4/ncells_120,train-pattern-0,-2.553735948729416,0.9390060253826968,0.7058632580652855,"[25, 26, 69]","[0.1420430153628245, 0.11559027468699133, 0.7423667099501842]","[2.8313162753127923, 0.8510733894931963, 1.612959727021777, 3.265601754374381, 0.8822714871434824, 3.303910539297343]",0.18757056643650086,0.1531177192673455,0.11496125794759382,0.020467774702840304,0.08695984827418884,-1.6178990930685884,/home/sol856/jax-morph/results-natcompsci-2025/concentric-ring-my-own/trained_models_patterns_salt_pepper_sweep/wfrac_0/w12_1/ratio_1-1-4/ncells_120/visualizations/train-pattern-0-final.png,/home/sol856/jax-morph/results-natcompsci-2025/concentric-ring-my-own/trained_models_patterns_salt_pepper_sweep/wfrac_0/w12_1/ratio_1-1-4/ncells_120/visualizations/train-pattern-0-final-hide-type-3.png
wfrac_0/w12_0/ratio_1-1-8/ncells_60,train-pattern-4,-2.5523901166623766,-1.4009810587381464,-2.0068714540314936,"[6, 32, 22]","[0.024647223016908887, 0.6969742525618685, 0.27837852442122263]","[0.8533482000155788, 3.798707316886694, 0.9017020364674458, 3.478704972156221, 0.8243081270588655, 0.8375776206816532]",0.1338418917489744,0.14226539140372851,0.29109508073640894,0.16452690964614786,0.03414215938601974,-1.8911356375804529,/home/sol856/jax-morph/results-natcompsci-2025/concentric-ring-my-own/trained_models_patterns_salt_pepper_sweep/wfrac_0/w12_0/ratio_1-1-8/ncells_60/visualizations/train-pattern-4-final.png,/home/sol856/jax-morph/results-natcompsci-2025/concentric-ring-my-own/trained_models_patterns_salt_pepper_sweep/wfrac_0/w12_0/ratio_1-1-8/ncells_60/visualizations/train-pattern-4-final-hide-type-3.png
wfrac_5/w12_1/ratio_1-1-8/ncells_60,train-pattern-4,-2.544165708717532,-1.7793957817773163,-1.8918987908676559,"[11, 9, 40]","[0.09588319043420827, 0.11911240447007378, 0.785004405095718]","[3.404213007499105, 3.624454327705905, 0.9200696151706832, 3.7421772779233216, 0.8410327311563872, 0.8758113508053907]",0.132100122447804,0.12302760191341311,0.23584994824018843,0.2800325445205687,0.06840361062457163,-1.8730476181819455,/home/sol856/jax-morph/results-natcompsci-2025/concentric-ring-my-own/trained_models_patterns_salt_pepper_sweep/wfrac_5/w12_1/ratio_1-1-8/ncells_60/visualizations/train-pattern-4-final.png,/home/sol856/jax-morph/results-natcompsci-2025/concentric-ring-my-own/trained_models_patterns_salt_pepper_sweep/wfrac_5/w12_1/ratio_1-1-8/ncells_60/visualizations/train-pattern-4-final-hide-type-3.png
wfrac_5/w12_1/ratio_1-1-8/ncells_120,train-pattern-0,-2.4866272460613907,-1.3711583803028957,-1.3559223610804367,"[13, 18, 89]","[0.0316119109641338, 0.06745293819769013, 0.9009351508381761]","[3.7023213111016444, 1.203041975378751, 3.2929578038570133, 1.5663339019248435, 2.697761116747035, 1.4540887429921199]",0.08797761933578244,0.1051334161529555,0.14265436596172035,0.12883718626562868,0.05578472559680987,-1.7874365956817937,/home/sol856/jax-morph/results-natcompsci-2025/concentric-ring-my-own/trained_models_patterns_salt_pepper_sweep/wfrac_5/w12_1/ratio_1-1-8/ncells_120/visualizations/train-pattern-0-final.png,/home/sol856/jax-morph/results-natcompsci-2025/concentric-ring-my-own/trained_models_patterns_salt_pepper_sweep/wfrac_5/w12_1/ratio_1-1-8/ncells_120/visualizations/train-pattern-0-final-hide-type-3.png
wfrac_1/w12_1/ratio_1-1-8/ncells_40,train-pattern-2,-2.4674617399275034,-1.2803237196414599,-1.5031432794266268,"[4, 4, 32]","[0.0044416308006851426, 0.006166559250271828, 0.989391809949043]","[3.6402312728527644, 3.267823393424594, 2.737015055263779, 3.1628629240550516, 2.8130093456804914, 1.5681112511405975]",0.10034793437549351,0.10916106087496788,0.19096453539745395,0.40410450782063506,0.10737664805912249,-1.3918600181951888,/home/sol856/jax-morph/results-natcompsci-2025/concentric-ring-my-own/trained_models_patterns_salt_pepper_sweep/wfrac_1/w12_1/ratio_1-1-8/ncells_40/visualizations/train-pattern-2-final.png,/home/sol856/jax-morph/results-natcompsci-2025/concentric-ring-my-own/trained_models_patterns_salt_pepper_sweep/wfrac_1/w12_1/ratio_1-1-8/ncells_40/visualizations/train-pattern-2-final-hide-type-3.png
wfrac_1/w12_1/ratio_1-1-8/ncells_40,train-pattern-1,-2.451449116736327,-1.3217763189397451,-1.930211751821258,"[4, 5, 31]","[0.010815357475909919, 0.03708636300716331, 0.9520982795169267]","[3.5154443260465893, 3.2093527494787297, 3.024453723855266, 3.544996949953223, 2.712032894230423, 1.6950197802135654]",0.10804294027665504,0.10493412979754321,0.20762672132615936,0.6226859819016713,0.09597007674448778,-1.4569993341444634,/home/sol856/jax-morph/results-natcompsci-2025/concentric-ring-my-own/trained_models_patterns_salt_pepper_sweep/wfrac_1/w12_1/ratio_1-1-8/ncells_40/visualizations/train-pattern-1-final.png,/home/sol856/jax-morph/results-natcompsci-2025/concentric-ring-my-own/trained_models_patterns_salt_pepper_sweep/wfrac_1/w12_1/ratio_1-1-8/ncells_40/visualizations/train-pattern-1-final-hide-type-3.png
wfrac_0/w12_1/ratio_1-1-4/ncells_60,train-pattern-4,-2.4416222645457504,-1.621482516902054,-2.10711680339677,"[6, 6, 48]","[0.010653074469513734, 0.015956261697630026, 0.9733906638328562]","[3.313925197601045, 2.597031916426303, 1.0439918810333553, 3.170845908256214, 1.0534215534799718, 0.8813729276824649]",0.10621236242092326,0.1052210810849036,0.218897697375744,0.3916121984234216,0.07012393324092289,-1.7109859995151002,/home/sol856/jax-morph/results-natcompsci-2025/concentric-ring-my-own/trained_models_patterns_salt_pepper_sweep/wfrac_0/w12_1/ratio_1-1-4/ncells_60/visualizations/train-pattern-4-final.png,/home/sol856/jax-morph/results-natcompsci-2025/concentric-ring-my-own/trained_models_patterns_salt_pepper_sweep/wfrac_0/w12_1/ratio_1-1-4/ncells_60/visualizations/train-pattern-4-final-hide-type-3.png
wfrac_1/w12_1/ratio_1-1-4/ncells_40,train-pattern-0,-2.440546093610253,-1.1612807077716008,-1.3960352917515944,"[4, 4, 32]","[0.010937762697160361, 0.010472047687786125, 0.9785901896150535]","[3.6467544179315947, 0.8360400533338302, 3.555186756835548, 0.9971937839446069, 3.717092873252634, 1.8840979077191418]",0.08074405521029156,0.11806115050074849,0.15366348006695743,0.687431526285501,0.14268713380415332,-1.302708155711073,/home/sol856/jax-morph/results-natcompsci-2025/concentric-ring-my-own/trained_models_patterns_salt_pepper_sweep/wfrac_1/w12_1/ratio_1-1-4/ncells_40/visualizations/train-pattern-0-final.png,/home/sol856/jax-morph/results-natcompsci-2025/concentric-ring-my-own/trained_models_patterns_salt_pepper_sweep/wfrac_1/w12_1/ratio_1-1-4/ncells_40/visualizations/train-pattern-0-final-hide-type-3.png
wfrac_5/w12_1/ratio_1-1-8/ncells_40,train-pattern-1,-2.4325785528264583,-1.9806228548935432,-1.0952553282695119,"[5, 5, 30]","[0.05921044076756527, 0.06034394462277304, 0.8804456146096618]","[3.59228874324707, 3.6473998759888655, 3.313040938480479, 3.3934928468736674, 3.2862851289308113, 1.9190058491405122]",0.1290876217176399,0.11573844428618733,0.18759266536770133,0.3693180152836111,0.11687417355120909,-1.4151454928983689,/home/sol856/jax-morph/results-natcompsci-2025/concentric-ring-my-own/trained_models_patterns_salt_pepper_sweep/wfrac_5/w12_1/ratio_1-1-8/ncells_40/visualizations/train-pattern-1-final.png,/home/sol856/jax-morph/results-natcompsci-2025/concentric-ring-my-own/trained_models_patterns_salt_pepper_sweep/wfrac_5/w12_1/ratio_1-1-8/ncells_40/visualizations/train-pattern-1-final-hide-type-3.png
wfrac_1/w12_1/ratio_1-1-8/ncells_60,train-pattern-2,-2.427405111293763,-1.8631042074140518,-2.198499288263737,"[8, 6, 46]","[0.02041763800498429, 0.01111758552789941, 0.9684647764671163]","[3.5944340207339636, 3.4316840269785285, 1.0405547880622341, 3.2596130660776987, 1.1434393540480405, 1.074623330522221]",0.10958242466401907,0.10805601650771594,0.22701431308585643,0.43491159131251245,0.061312308659353804,-1.7311412864693643,/home/sol856/jax-morph/results-natcompsci-2025/concentric-ring-my-own/trained_models_patterns_salt_pepper_sweep/wfrac_1/w12_1/ratio_1-1-8/ncells_60/visualizations/train-pattern-2-final.png,/home/sol856/jax-morph/results-natcompsci-2025/concentric-ring-my-own/trained_models_patterns_salt_pepper_sweep/wfrac_1/w12_1/ratio_1-1-8/ncells_60/visualizations/train-pattern-2-final-hide-type-3.png
wfrac_5/w12_1/ratio_1-1-8/ncells_40,train-pattern-4,-2.4141243849228378,-1.3223259360945505,-1.4894399996070293,"[4, 5, 31]","[0.0400240122705204, 0.046362960738564614, 0.913613026990915]","[2.0191368093007007, 3.430340332746825, 2.306765274300127, 2.985801242088624, 2.2096660105403743, 1.3781302005316198]",0.12644789315507882,0.10459811599006147,0.19989164601181533,0.4445684634110356,0.10335252048529237,-1.4597676880145356,/home/sol856/jax-morph/results-natcompsci-2025/concentric-ring-my-own/trained_models_patterns_salt_pepper_sweep/wfrac_5/w12_1/ratio_1-1-8/ncells_40/visualizations/train-pattern-4-final.png,/home/sol856/jax-morph/results-natcompsci-2025/concentric-ring-my-own/trained_models_patterns_salt_pepper_sweep/wfrac_5/w12_1/ratio_1-1-8/ncells_40/visualizations/train-pattern-4-final-hide-type-3.png
wfrac_0/w12_1/ratio_1-1-4/ncells_120,train-pattern-1,-2.4138141407113665,-1.9997920851695792,-2.123846148976649,"[24, 14, 82]","[0.15487177643243988, 0.023706170577516186, 0.8214220529900439]","[3.530729713512282, 3.5354207404808626, 0.8114506374228911, 1.129250489214158, 1.0309470941223084, 1.0623218943757577]",0.0939157706235546,0.09276082649800725,0.1838079430302537,0.1474583449359352,0.04003163188747975,-2.045105976841276,/home/sol856/jax-morph/results-natcompsci-2025/concentric-ring-my-own/trained_models_patterns_salt_pepper_sweep/wfrac_0/w12_1/ratio_1-1-4/ncells_120/visualizations/train-pattern-1-final.png,/home/sol856/jax-morph/results-natcompsci-2025/concentric-ring-my-own/trained_models_patterns_salt_pepper_sweep/wfrac_0/w12_1/ratio_1-1-4/ncells_120/visualizations/train-pattern-1-final-hide-type-3.png
wfrac_1/w12_1/ratio_1-1-8/ncells_40,train-pattern-0,-2.4068050852205864,-1.578127049841396,-2.2008622024726643,"[5, 9, 26]","[0.055551276157687644, 0.16848505720364745, 0.7759636666386649]","[3.3659830985086607, 3.5556545467349734, 0.9168629785049138, 3.770870645167565, 0.8065666963195052, 0.8210204845845371]",0.12145853959959643,0.13076597011777405,0.2751291661797415,0.41403354666416836,0.06991072597052836,-1.6276928171553142,/home/sol856/jax-morph/results-natcompsci-2025/concentric-ring-my-own/trained_models_patterns_salt_pepper_sweep/wfrac_1/w12_1/ratio_1-1-8/ncells_40/visualizations/train-pattern-0-final.png,/home/sol856/jax-morph/results-natcompsci-2025/concentric-ring-my-own/trained_models_patterns_salt_pepper_sweep/wfrac_1/w12_1/ratio_1-1-8/ncells_40/visualizations/train-pattern-0-final-hide-type-3.png
wfrac_0/w12_1/ratio_1-1-4/ncells_40,train-pattern-4,-2.3952696757890224,-1.57778216330264,-1.332607928033884,"[4, 4, 32]","[0.007712172284195801, 0.005684405157132558, 0.9866034225586717]","[3.1677673298087843, 3.6888109080815346, 2.6641474233530484, 3.234707230121482, 2.6128178652057397, 1.4921924085542075]",0.12159823375815092,0.10193659755229141,0.18794338578600375,0.38061905150400693,0.11068225485304686,-1.4185855866273096,/home/sol856/jax-morph/results-natcompsci-2025/concentric-ring-my-own/trained_models_patterns_salt_pepper_sweep/wfrac_0/w12_1/ratio_1-1-4/ncells_40/visualizations/train-pattern-4-final.png,/home/sol856/jax-morph/results-natcompsci-2025/concentric-ring-my-own/trained_models_patterns_salt_pepper_sweep/wfrac_0/w12_1/ratio_1-1-4/ncells_40/visualizations/train-pattern-4-final-hide-type-3.png
wfrac_0/w12_1/ratio_1-1-8/ncells_60,train-pattern-0,-2.3930200732286764,-1.7152415967988266,-2.2901959271732744,"[23, 10, 27]","[0.3676729526689479, 0.08828641875564577, 0.5440406285754064]","[3.5379523638372445, 3.7177557856429138, 0.8387884427103505, 3.763172082887867, 0.9135386757009984, 1.145194179517497]",0.14008381621084645,0.11609775461234925,0.2821934799839026,0.15906076757728002,0.03899951436980722,-1.9100155823587324,/home/sol856/jax-morph/results-natcompsci-2025/concentric-ring-my-own/trained_models_patterns_salt_pepper_sweep/wfrac_0/w12_1/ratio_1-1-8/ncells_60/visualizations/train-pattern-0-final.png,/home/sol856/jax-morph/results-natcompsci-2025/concentric-ring-my-own/trained_models_patterns_salt_pepper_sweep/wfrac_0/w12_1/ratio_1-1-8/ncells_60/visualizations/train-pattern-0-final-hide-type-3.png
wfrac_5/w12_1/ratio_1-1-4/ncells_60,train-pattern-2,-2.3862128892668495,-1.562362274281574,-1.8033708114296199,"[13, 14, 33]","[0.1319220338884316, 0.19293516688953466, 0.6751427992220339]","[0.8605739244869229, 3.577271608435585, 1.1636561488239883, 3.6411052938776285, 0.975905108339251, 1.1934660940265989]",0.1243729771861729,0.11435374717895748,0.22730403872258081,0.210997420113492,0.05652868636174581,-1.7631289341033691,/home/sol856/jax-morph/results-natcompsci-2025/concentric-ring-my-own/trained_models_patterns_salt_pepper_sweep/wfrac_5/w12_1/ratio_1-1-4/ncells_60/visualizations/train-pattern-2-final.png,/home/sol856/jax-morph/results-natcompsci-2025/concentric-ring-my-own/trained_models_patterns_salt_pepper_sweep/wfrac_5/w12_1/ratio_1-1-4/ncells_60/visualizations/train-pattern-2-final-hide-type-3.png
wfrac_5/w12_1/ratio_1-1-8/ncells_120,train-pattern-1,-2.378118215069079,-1.7734546890295162,-1.8629869015141651,"[19, 17, 84]","[0.08740811484527908, 0.08054683020343602, 0.8320450549512849]","[3.6551783789486656, 3.0486418290720367, 2.0727008484344056, 2.8663653860586855, 2.1218087669684413, 1.5150799109476352]",0.08951557474456508,0.09136309683885038,0.15822027926204946,0.15810895701666686,0.04514955681284784,-1.9766114245240058,/home/sol856/jax-morph/results-natcompsci-2025/concentric-ring-my-own/trained_models_patterns_salt_pepper_sweep/wfrac_5/w12_1/ratio_1-1-8/ncells_120/visualizations/train-pattern-1-final.png,/home/sol856/jax-morph/results-natcompsci-2025/concentric-ring-my-own/trained_models_patterns_salt_pepper_sweep/wfrac_5/w12_1/ratio_1-1-8/ncells_120/visualizations/train-pattern-1-final-hide-type-3.png
wfrac_5/w12_1/ratio_1-1-8/ncells_60,train-pattern-1,-2.377930050596436,-1.5745444246408147,-1.7553999535377578,"[10, 9, 41]","[0.10409289351591809, 0.08768506639590304, 0.8082220400881788]","[3.5459455463153446, 3.6134177953679725, 1.1685327705755748, 3.049275891698846, 1.3606111459048844, 1.2257500692298522]",0.11471475492339825,0.11561669645754385,0.21921545840874784,0.22524598657885903,0.05916704445333608,-1.7004809411341775,/home/sol856/jax-morph/results-natcompsci-2025/concentric-ring-my-own/trained_models_patterns_salt_pepper_sweep/wfrac_5/w12_1/ratio_1-1-8/ncells_60/visualizations/train-pattern-1-final.png,/home/sol856/jax-morph/results-natcompsci-2025/concentric-ring-my-own/trained_models_patterns_salt_pepper_sweep/wfrac_5/w12_1/ratio_1-1-8/ncells_60/visualizations/train-pattern-1-final-hide-type-3.png
wfrac_0/w12_1/ratio_1-1-4/ncells_40,train-pattern-3,-2.366144284612333,-1.3784366549458742,-1.8309970148999017,"[4, 4, 32]","[0.004627261684996099, 0.0058010097232351725, 0.9895717285917687]","[3.596232710503214, 3.462281332508412, 2.389289647201581, 3.3837952888821023, 2.3258821218179095, 1.3263747941599342]",0.10251318897490759,0.10130924474988116,0.1999610606370964,0.5515834860570933,0.10495562739907277,-1.4229828871188048,/home/sol856/jax-morph/results-natcompsci-2025/concentric-ring-my-own/trained_models_patterns_salt_pepper_sweep/wfrac_0/w12_1/ratio_1-1-4/ncells_40/visualizations/train-pattern-3-final.png,/home/sol856/jax-morph/results-natcompsci-2025/concentric-ring-my-own/trained_models_patterns_salt_pepper_sweep/wfrac_0/w12_1/ratio_1-1-4/ncells_40/visualizations/train-pattern-3-final-hide-type-3.png
wfrac_0/w12_1/ratio_1-1-4/ncells_120,train-pattern-2,-2.3512072890433315,-2.185052824381608,-2.163651742200772,"[25, 22, 73]","[0.18576831609235606, 0.18647139994522763, 0.6277602839624163]","[2.2255595427562795, 3.6301573701078045, 1.131219752695606, 0.9345750133787395, 0.8458198409991756, 1.2876133333627884]",0.0953569233241545,0.10567583262786379,0.1964138005053481,0.13877040039974053,0.03927290063943456,-2.110343796907168,/home/sol856/jax-morph/results-natcompsci-2025/concentric-ring-my-own/trained_models_patterns_salt_pepper_sweep/wfrac_0/w12_1/ratio_1-1-4/ncells_120/visualizations/train-pattern-2-final.png,/home/sol856/jax-morph/results-natcompsci-2025/concentric-ring-my-own/trained_models_patterns_salt_pepper_sweep/wfrac_0/w12_1/ratio_1-1-4/ncells_120/visualizations/train-pattern-2-final-hide-type-3.png
wfrac_5/w12_1/ratio_1-1-4/ncells_120,train-pattern-1,-2.345967284242759,-0.9162507438483263,-0.14872640285740626,"[21, 33, 66]","[0.12219445415075007, 0.17584716365497435, 0.7019583821942755]","[0.8164546503338371, 3.0038540641723817, 1.5256864602387221, 1.4273067034898683, 3.5513691633019215, 2.559012734509568]",0.146032969615531,0.13443439833367168,0.12305433979983449,0.04616832217829973,0.06743473094973552,-1.744123093122524,/home/sol856/jax-morph/results-natcompsci-2025/concentric-ring-my-own/trained_models_patterns_salt_pepper_sweep/wfrac_5/w12_1/ratio_1-1-4/ncells_120/visualizations/train-pattern-1-final.png,/home/sol856/jax-morph/results-natcompsci-2025/concentric-ring-my-own/trained_models_patterns_salt_pepper_sweep/wfrac_5/w12_1/ratio_1-1-4/ncells_120/visualizations/train-pattern-1-final-hide-type-3.png
wfrac_5/w12_1/ratio_1-1-8/ncells_40,train-pattern-0,-2.341877930798543,-1.6428819108875863,-1.764013599065075,"[5, 5, 30]","[0.022021784483190962, 0.043772923987880574, 0.9342052915289284]","[3.36439131411493, 2.65630045429951, 2.6225582931281903, 3.697472536717771, 2.4950013031663607, 1.5970438416413881]",0.10396931681874232,0.10757396317031999,0.20031179651009076,0.5529881279763669,0.10663375737112893,-1.4299740632495523,/home/sol856/jax-morph/results-natcompsci-2025/concentric-ring-my-own/trained_models_patterns_salt_pepper_sweep/wfrac_5/w12_1/ratio_1-1-8/ncells_40/visualizations/train-pattern-0-final.png,/home/sol856/jax-morph/results-natcompsci-2025/concentric-ring-my-own/trained_models_patterns_salt_pepper_sweep/wfrac_5/w12_1/ratio_1-1-8/ncells_40/visualizations/train-pattern-0-final-hide-type-3.png
wfrac_0/w12_1/ratio_1-1-8/ncells_40,train-pattern-2,-2.3261440967712375,-1.7059955720436344,-1.6511338757808125,"[6, 10, 24]","[0.05158964329482215, 0.22699442612734275, 0.7214159305778352]","[3.5800836993975835, 3.315382716980354, 0.8248631530926429, 3.25073229162082, 0.825061553196913, 0.839309478539554]",0.14900329913139446,0.12575902236562894,0.25602992676373526,0.3280645036165749,0.07465218790862349,-1.5850455074057421,/home/sol856/jax-morph/results-natcompsci-2025/concentric-ring-my-own/trained_models_patterns_salt_pepper_sweep/wfrac_0/w12_1/ratio_1-1-8/ncells_40/visualizations/train-pattern-2-final.png,/home/sol856/jax-morph/results-natcompsci-2025/concentric-ring-my-own/trained_models_patterns_salt_pepper_sweep/wfrac_0/w12_1/ratio_1-1-8/ncells_40/visualizations/train-pattern-2-final-hide-type-3.png
wfrac_0/w12_0/ratio_1-1-4/ncells_120,train-pattern-0,-2.319633424644741,-1.7046526814776624,-2.1166321625458533,"[32, 21, 67]","[0.2214618845849567, 0.0899032422327212, 0.6886348731823222]","[3.1863670674235323, 3.3517973888068937, 0.8731357044063001, 3.1349733609236328, 0.8697737917717431, 0.8365260557859123]",0.10072252511407813,0.09835158105551643,0.20095182096033667,0.12948239006681211,0.03397465963258666,-2.1318296742710188,/home/sol856/jax-morph/results-natcompsci-2025/concentric-ring-my-own/trained_models_patterns_salt_pepper_sweep/wfrac_0/w12_0/ratio_1-1-4/ncells_120/visualizations/train-pattern-0-final.png,/home/sol856/jax-morph/results-natcompsci-2025/concentric-ring-my-own/trained_models_patterns_salt_pepper_sweep/wfrac_0/w12_0/ratio_1-1-4/ncells_120/visualizations/train-pattern-0-final-hide-type-3.png
wfrac_1/w12_1/ratio_1-1-4/ncells_120,train-pattern-1,-2.3104460604099826,-1.3262356007234972,-1.2966667305299178,"[30, 16, 74]","[0.22827748670661852, 0.05326940199158508, 0.7184531113017963]","[3.3150701768710578, 1.1896233627311044, 0.8826259668535771, 1.1793796914464778, 3.7441576446342077, 2.135967720684894]",0.10861332202730012,0.08752049261573995,0.13875054020906685,0.07773393175097758,0.05939858114699596,-1.8521641242656683,/home/sol856/jax-morph/results-natcompsci-2025/concentric-ring-my-own/trained_models_patterns_salt_pepper_sweep/wfrac_1/w12_1/ratio_1-1-4/ncells_120/visualizations/train-pattern-1-final.png,/home/sol856/jax-morph/results-natcompsci-2025/concentric-ring-my-own/trained_models_patterns_salt_pepper_sweep/wfrac_1/w12_1/ratio_1-1-4/ncells_120/visualizations/train-pattern-1-final-hide-type-3.png
wfrac_1/w12_1/ratio_1-1-4/ncells_60,train-pattern-1,-2.29660057569014,-1.840796621532823,-1.9278144565074982,"[13, 10, 37]","[0.23778387082110164, 0.08810261649068699, 0.6741135126882114]","[3.331300672810098, 3.707090506065465, 0.9307628249940363, 3.257878430428838, 0.9858581460792866, 1.0805499335602053]",0.11539482953088633,0.13083302469266084,0.24034232691346025,0.24986983569113397,0.052706347707294765,-1.7895062416245278,/home/sol856/jax-morph/results-natcompsci-2025/concentric-ring-my-own/trained_models_patterns_salt_pepper_sweep/wfrac_1/w12_1/ratio_1-1-4/ncells_60/visualizations/train-pattern-1-final.png,/home/sol856/jax-morph/results-natcompsci-2025/concentric-ring-my-own/trained_models_patterns_salt_pepper_sweep/wfrac_1/w12_1/ratio_1-1-4/ncells_60/visualizations/train-pattern-1-final-hide-type-3.png
wfrac_0/w12_1/ratio_1-1-8/ncells_60,train-pattern-3,-2.294815059925485,-1.7905102619403068,-2.1498888085643197,"[6, 8, 46]","[0.016118796568387786, 0.06010912506158559, 0.9237720783700266]","[3.6618046740961816, 3.7748575108421303, 0.9706004733699298, 3.6229105262143104, 0.8341624946454332, 0.8257210730674817]",0.11524927618402996,0.1103837131561412,0.23851036933130837,0.33525031817083384,0.06172562388800076,-1.7475903143701146,/home/sol856/jax-morph/results-natcompsci-2025/concentric-ring-my-own/trained_models_patterns_salt_pepper_sweep/wfrac_0/w12_1/ratio_1-1-8/ncells_60/visualizations/train-pattern-3-final.png,/home/sol856/jax-morph/results-natcompsci-2025/concentric-ring-my-own/trained_models_patterns_salt_pepper_sweep/wfrac_0/w12_1/ratio_1-1-8/ncells_60/visualizations/train-pattern-3-final-hide-type-3.png
wfrac_0/w12_1/ratio_1-1-4/ncells_60,train-pattern-1,-2.2942036056799417,-1.7370927352717975,-2.093212075301149,"[6, 8, 46]","[0.01710721611776713, 0.07550831914684307, 0.9073844647353898]","[3.3829170586928736, 3.4468929870608127, 0.8946190245160777, 3.749670554972039, 0.8531446976961253, 0.8830213195352773]",0.1025198014157541,0.12687663774412986,0.24119131114749195,0.3229403707999646,0.0618306702986867,-1.714153654923791,/home/sol856/jax-morph/results-natcompsci-2025/concentric-ring-my-own/trained_models_patterns_salt_pepper_sweep/wfrac_0/w12_1/ratio_1-1-4/ncells_60/visualizations/train-pattern-1-final.png,/home/sol856/jax-morph/results-natcompsci-2025/concentric-ring-my-own/trained_models_patterns_salt_pepper_sweep/wfrac_0/w12_1/ratio_1-1-4/ncells_60/visualizations/train-pattern-1-final-hide-type-3.png
wfrac_1/w12_0/ratio_1-1-4/ncells_60,train-pattern-2,-2.288812322321086,-1.3402933094066432,-1.85743248935305,"[14, 13, 33]","[0.23989537718065554, 0.16284011970463055, 0.5972645031147139]","[3.3741558239925995, 3.7262251309718772, 0.853338872416497, 3.3230643708250147, 0.9445531436624239, 0.8566025324485405]",0.12658514284742417,0.13594107189238921,0.2621846304299238,0.20638576342999013,0.04985185897154555,-1.9107001914234916,/home/sol856/jax-morph/results-natcompsci-2025/concentric-ring-my-own/trained_models_patterns_salt_pepper_sweep/wfrac_1/w12_0/ratio_1-1-4/ncells_60/visualizations/train-pattern-2-final.png,/home/sol856/jax-morph/results-natcompsci-2025/concentric-ring-my-own/trained_models_patterns_salt_pepper_sweep/wfrac_1/w12_0/ratio_1-1-4/ncells_60/visualizations/train-pattern-2-final-hide-type-3.png
wfrac_5/w12_1/ratio_1-1-4/ncells_40,train-pattern-4,-2.2869710105246286,-0.9873607251962949,-1.0683204878798966,"[10, 4, 26]","[0.21924718423839326, 0.02914662927247147, 0.7516061864891354]","[3.6586098088142043, 3.3707091601380075, 2.0509028308442643, 3.1423993289987147, 3.69447446697688, 1.640286556304077]",0.1461096398670177,0.09876842518578911,0.1845983950831874,0.3578470288494307,0.11037088265892306,-1.4236410413855827,/home/sol856/jax-morph/results-natcompsci-2025/concentric-ring-my-own/trained_models_patterns_salt_pepper_sweep/wfrac_5/w12_1/ratio_1-1-4/ncells_40/visualizations/train-pattern-4-final.png,/home/sol856/jax-morph/results-natcompsci-2025/concentric-ring-my-own/trained_models_patterns_salt_pepper_sweep/wfrac_5/w12_1/ratio_1-1-4/ncells_40/visualizations/train-pattern-4-final-hide-type-3.png
wfrac_0/w12_1/ratio_1-1-4/ncells_60,train-pattern-3,-2.2687474812500854,-1.5433491811251532,-2.496799049450777,"[6, 7, 47]","[0.027185513383999466, 0.01835871571585911, 0.9544557709001414]","[2.909810234739007, 3.6470402550627306, 0.9150847860141078, 2.124520714901506, 1.0260982031603214, 1.012442343150714]",0.10368647314879403,0.10619987783084513,0.2518164092716199,0.42994488750874194,0.05577073077719323,-1.7033243097994206,/home/sol856/jax-morph/results-natcompsci-2025/concentric-ring-my-own/trained_models_patterns_salt_pepper_sweep/wfrac_0/w12_1/ratio_1-1-4/ncells_60/visualizations/train-pattern-3-final.png,/home/sol856/jax-morph/results-natcompsci-2025/concentric-ring-my-own/trained_models_patterns_salt_pepper_sweep/wfrac_0/w12_1/ratio_1-1-4/ncells_60/visualizations/train-pattern-3-final-hide-type-3.png
wfrac_5/w12_1/ratio_1-1-8/ncells_40,train-pattern-2,-2.258196801527285,-1.4656625964628818,-1.919799843633996,"[6, 8, 26]","[0.04642603384576194, 0.128072967350471, 0.825500998803767]","[0.8674708961597045, 3.7434181665803026, 1.3132743066953108, 3.589274986449092, 1.115132239297092, 1.2446335346202775]",0.11759932528460058,0.12268221494576656,0.24522889908978004,0.3566816533404162,0.07448794157264127,-1.5881325432720919,/home/sol856/jax-morph/results-natcompsci-2025/concentric-ring-my-own/trained_models_patterns_salt_pepper_sweep/wfrac_5/w12_1/ratio_1-1-8/ncells_40/visualizations/train-pattern-2-final.png,/home/sol856/jax-morph/results-natcompsci-2025/concentric-ring-my-own/trained_models_patterns_salt_pepper_sweep/wfrac_5/w12_1/ratio_1-1-8/ncells_40/visualizations/train-pattern-2-final-hide-type-3.png
wfrac_5/w12_1/ratio_1-1-8/ncells_60,train-pattern-2,-2.251563130649781,-1.748567071790836,-2.223013151602305,"[11, 10, 39]","[0.11193945679926093, 0.0932025738897638, 0.7948579693109752]","[3.5962636352594375, 3.4486065156215657, 0.8564787412552636, 3.341734374362055, 0.8959553725622843, 0.931746034740088]",0.11753431069637454,0.11114161118519744,0.2505008497519946,0.27794132476707745,0.05460648544394214,-1.7814290335749434,/home/sol856/jax-morph/results-natcompsci-2025/concentric-ring-my-own/trained_models_patterns_salt_pepper_sweep/wfrac_5/w12_1/ratio_1-1-8/ncells_60/visualizations/train-pattern-2-final.png,/home/sol856/jax-morph/results-natcompsci-2025/concentric-ring-my-own/trained_models_patterns_salt_pepper_sweep/wfrac_5/w12_1/ratio_1-1-8/ncells_60/visualizations/train-pattern-2-final-hide-type-3.png
wfrac_5/w12_0/ratio_1-1-8/ncells_40,train-pattern-2,-2.240499866060803,-0.6123234187363292,-1.079639123256512,"[4, 8, 28]","[0.02532970431657788, 0.11144801860779668, 0.8632222770756254]","[3.4004472247109785, 0.8933234438507045, 2.477262658513048, 3.7048827690949064, 1.845840958569108, 1.5708707674172964]",0.09222976761839799,0.11453931845965389,0.18437044980936607,0.5245146698286187,0.11200521435603311,-1.4156307002994029,/home/sol856/jax-morph/results-natcompsci-2025/concentric-ring-my-own/trained_models_patterns_salt_pepper_sweep/wfrac_5/w12_0/ratio_1-1-8/ncells_40/visualizations/train-pattern-2-final.png,/home/sol856/jax-morph/results-natcompsci-2025/concentric-ring-my-own/trained_models_patterns_salt_pepper_sweep/wfrac_5/w12_0/ratio_1-1-8/ncells_40/visualizations/train-pattern-2-final-hide-type-3.png
wfrac_5/w12_1/ratio_1-1-4/ncells_60,train-pattern-0,-2.2357491327354913,-1.5872878119310734,-0.9608076183682612,"[11, 12, 37]","[0.11774032974632022, 0.13341897960831844, 0.7488406906453613]","[3.2628111300304843, 0.8242196945773415, 2.893348862065964, 3.484515803109743, 2.716587590829711, 1.8593082389987539]",0.10655581124569846,0.11429547830459069,0.15151486373832757,0.2280539770983396,0.0956534801946421,-1.5217713795841794,/home/sol856/jax-morph/results-natcompsci-2025/concentric-ring-my-own/trained_models_patterns_salt_pepper_sweep/wfrac_5/w12_1/ratio_1-1-4/ncells_60/visualizations/train-pattern-0-final.png,/home/sol856/jax-morph/results-natcompsci-2025/concentric-ring-my-own/trained_models_patterns_salt_pepper_sweep/wfrac_5/w12_1/ratio_1-1-4/ncells_60/visualizations/train-pattern-0-final-hide-type-3.png
wfrac_5/w12_1/ratio_1-1-4/ncells_60,train-pattern-3,-2.2342113104156858,-1.6494238785720063,-2.3532042404946982,"[9, 13, 38]","[0.1691559849455259, 0.17770082558399486, 0.6531431894704793]","[3.2010049413847446, 3.6702796313897172, 0.9112921368503344, 3.4763464893202896, 0.8043657292249345, 0.8135481326069253]",0.1229287579612222,0.1200681806570307,0.27610604805877154,0.2510803601649073,0.05411200001828357,-1.8251447859428882,/home/sol856/jax-morph/results-natcompsci-2025/concentric-ring-my-own/trained_models_patterns_salt_pepper_sweep/wfrac_5/w12_1/ratio_1-1-4/ncells_60/visualizations/train-pattern-3-final.png,/home/sol856/jax-morph/results-natcompsci-2025/concentric-ring-my-own/trained_models_patterns_salt_pepper_sweep/wfrac_5/w12_1/ratio_1-1-4/ncells_60/visualizations/train-pattern-3-final-hide-type-3.png
wfrac_1/w12_0/ratio_1-1-4/ncells_120,train-pattern-2,-2.2262823997688543,-1.732689567104253,-2.174939128284048,"[24, 26, 70]","[0.08613009007674408, 0.22551141229599117, 0.6883584976272649]","[2.9592641730468863, 3.4415468622417382, 1.0268642946232558, 3.541000358732709, 0.804162824338413, 0.9683150291238359]",0.09525028727866901,0.09701012808490468,0.20240904938200016,0.1365591153746913,0.03155925366065268,-2.105012041760436,/home/sol856/jax-morph/results-natcompsci-2025/concentric-ring-my-own/trained_models_patterns_salt_pepper_sweep/wfrac_1/w12_0/ratio_1-1-4/ncells_120/visualizations/train-pattern-2-final.png,/home/sol856/jax-morph/results-natcompsci-2025/concentric-ring-my-own/trained_models_patterns_salt_pepper_sweep/wfrac_1/w12_0/ratio_1-1-4/ncells_120/visualizations/train-pattern-2-final-hide-type-3.png
wfrac_0/w12_1/ratio_1-1-4/ncells_60,train-pattern-0,-2.2252281152096978,-1.4160401898417496,-1.5462648233264051,"[7, 6, 47]","[0.07055608994111749, 0.014718661988599443, 0.9147252480702831]","[3.1018943237252126, 3.5024985109031643, 0.903525969386897, 0.970736889300347, 1.0829312478160151, 0.8767774336096321]",0.11795694888800667,0.1446924397015991,0.21849688114018664,0.2822732759860389,0.06960001246947049,-1.7751166343040277,/home/sol856/jax-morph/results-natcompsci-2025/concentric-ring-my-own/trained_models_patterns_salt_pepper_sweep/wfrac_0/w12_1/ratio_1-1-4/ncells_60/visualizations/train-pattern-0-final.png,/home/sol856/jax-morph/results-natcompsci-2025/concentric-ring-my-own/trained_models_patterns_salt_pepper_sweep/wfrac_0/w12_1/ratio_1-1-4/ncells_60/visualizations/train-pattern-0-final-hide-type-3.png
wfrac_5/w12_1/ratio_1-1-4/ncells_40,train-pattern-3,-2.2170476362722775,-1.429817412156289,-2.431361953955482,"[4, 11, 25]","[0.14126915909275228, 0.1814353658085776, 0.6772954750986702]","[3.6838133778346247, 3.4197017127279628, 1.0771629679263541, 3.581543486297724, 0.8635076204851283, 0.9773093451370143]",0.13444792208426692,0.1358864853714036,0.31795469206239024,0.32619014380487943,0.050647800721754635,-1.67961676480516,/home/sol856/jax-morph/results-natcompsci-2025/concentric-ring-my-own/trained_models_patterns_salt_pepper_sweep/wfrac_5/w12_1/ratio_1-1-4/ncells_40/visualizations/train-pattern-3-final.png,/home/sol856/jax-morph/results-natcompsci-2025/concentric-ring-my-own/trained_models_patterns_salt_pepper_sweep/wfrac_5/w12_1/ratio_1-1-4/ncells_40/visualizations/train-pattern-3-final-hide-type-3.png
wfrac_0/w12_1/ratio_1-1-8/ncells_120,train-pattern-0,-2.212946471277367,-1.8897302051650668,-2.196831642151418,"[13, 17, 90]","[0.010929254892563843, 0.0628742311946637, 0.9261965139127726]","[1.6322470638692372, 3.708224789147338, 1.0719279590345603, 3.0508675070746936, 1.0123473682700543, 0.8449123593525488]",0.09563388971028897,0.08769087180417383,0.18881827380699262,0.16467786253075883,0.04019955053045805,-2.017418207225819,/home/sol856/jax-morph/results-natcompsci-2025/concentric-ring-my-own/trained_models_patterns_salt_pepper_sweep/wfrac_0/w12_1/ratio_1-1-8/ncells_120/visualizations/train-pattern-0-final.png,/home/sol856/jax-morph/results-natcompsci-2025/concentric-ring-my-own/trained_models_patterns_salt_pepper_sweep/wfrac_0/w12_1/ratio_1-1-8/ncells_120/visualizations/train-pattern-0-final-hide-type-3.png
wfrac_1/w12_1/ratio_1-1-4/ncells_120,train-pattern-2,-2.207916649028835,-0.400562133429712,-0.5342859643027006,"[21, 18, 81]","[0.12861339573240743, 0.1312600474658674, 0.7401265568017252]","[1.7959696050309089, 2.5495406677319803, 1.741917273499275, 1.2020252750578515, 3.579096033980269, 2.7611059319032067]",0.15918305791765688,0.10573921111136875,0.13853105766120363,0.05042873402042801,0.0646218827395814,-1.812391226700074,/home/sol856/jax-morph/results-natcompsci-2025/concentric-ring-my-own/trained_models_patterns_salt_pepper_sweep/wfrac_1/w12_1/ratio_1-1-4/ncells_120/visualizations/train-pattern-2-final.png,/home/sol856/jax-morph/results-natcompsci-2025/concentric-ring-my-own/trained_models_patterns_salt_pepper_sweep/wfrac_1/w12_1/ratio_1-1-4/ncells_120/visualizations/train-pattern-2-final-hide-type-3.png
wfrac_5/w12_1/ratio_1-1-8/ncells_120,train-pattern-2,-2.2060218248682686,-1.4353476199414088,-2.0307654774293504,"[26, 18, 76]","[0.11482899797685539, 0.07872555176061317, 0.8064454502625313]","[3.603237635623594, 3.392984427230669, 1.165891529843721, 1.202339943874256, 1.2312559178530975, 1.1816411433994531]",0.09203755815818034,0.10178527924076959,0.18144541157857008,0.13596895895068897,0.038983809787327656,-2.0575545864697875,/home/sol856/jax-morph/results-natcompsci-2025/concentric-ring-my-own/trained_models_patterns_salt_pepper_sweep/wfrac_5/w12_1/ratio_1-1-8/ncells_120/visualizations/train-pattern-2-final.png,/home/sol856/jax-morph/results-natcompsci-2025/concentric-ring-my-own/trained_models_patterns_salt_pepper_sweep/wfrac_5/w12_1/ratio_1-1-8/ncells_120/visualizations/train-pattern-2-final-hide-type-3.png
wfrac_1/w12_0/ratio_1-1-4/ncells_60,train-pattern-3,-2.1862817771412613,-1.568109418693152,-1.9677557749507055,"[6, 12, 42]","[0.046933531014578096, 0.27262461457261833, 0.6804418544128036]","[3.150574944832062, 3.421130407249417, 0.9916566940545097, 3.7060412819523982, 0.8020271497932209, 0.887122110054082]",0.11114396122457217,0.1125358038980283,0.25139360181568776,0.33161752273412715,0.05206774216426052,-1.7426851501840932,/home/sol856/jax-morph/results-natcompsci-2025/concentric-ring-my-own/trained_models_patterns_salt_pepper_sweep/wfrac_1/w12_0/ratio_1-1-4/ncells_60/visualizations/train-pattern-3-final.png,/home/sol856/jax-morph/results-natcompsci-2025/concentric-ring-my-own/trained_models_patterns_salt_pepper_sweep/wfrac_1/w12_0/ratio_1-1-4/ncells_60/visualizations/train-pattern-3-final-hide-type-3.png
wfrac_0/w12_1/ratio_1-1-8/ncells_120,train-pattern-2,-2.1782168259667944,-0.6082072959272633,-1.6676735687332993,"[19, 12, 89]","[0.06401926979776194, 0.012984375777229789, 0.9229963544250083]","[3.417664040107348, 0.8580061676807245, 1.5820234700103586, 3.020711363329018, 3.3577033115891917, 1.6831124701622693]",0.08687079356540399,0.083802339824687,0.14275961246290222,0.1647782825367849,0.05458699115221778,-1.8366174866206197,/home/sol856/jax-morph/results-natcompsci-2025/concentric-ring-my-own/trained_models_patterns_salt_pepper_sweep/wfrac_0/w12_1/ratio_1-1-8/ncells_120/visualizations/train-pattern-2-final.png,/home/sol856/jax-morph/results-natcompsci-2025/concentric-ring-my-own/trained_models_patterns_salt_pepper_sweep/wfrac_0/w12_1/ratio_1-1-8/ncells_120/visualizations/train-pattern-2-final-hide-type-3.png
wfrac_5/w12_0/ratio_1-1-4/ncells_60,train-pattern-0,-2.176339186599041,-0.9340223242352841,-1.3964540321951497,"[11, 16, 33]","[0.11425973803948862, 0.1920644108504552, 0.693675851110056]","[1.6707362612191041, 3.7216027902467586, 1.7427253165350018, 3.7670679972816066, 1.5799872374662902, 1.4493987545381333]",0.12803843054329792,0.105964053755448,0.21140144766717808,0.17889153405326796,0.05088975859142783,-1.6733541571022559,/home/sol856/jax-morph/results-natcompsci-2025/concentric-ring-my-own/trained_models_patterns_salt_pepper_sweep/wfrac_5/w12_0/ratio_1-1-4/ncells_60/visualizations/train-pattern-0-final.png,/home/sol856/jax-morph/results-natcompsci-2025/concentric-ring-my-own/trained_models_patterns_salt_pepper_sweep/wfrac_5/w12_0/ratio_1-1-4/ncells_60/visualizations/train-pattern-0-final-hide-type-3.png
wfrac_5/w12_0/ratio_1-1-4/ncells_120,train-pattern-3,-2.167176602224818,-1.6733130268410064,-2.0719786962442717,"[28, 19, 73]","[0.16497089984455898, 0.17165807249063192, 0.6633710276648092]","[3.377618097971686, 3.0429022000718, 0.920212695528766, 3.1125270229464714, 1.0730082343096545, 0.9163312490354009]",0.09770209870906808,0.10350611716799835,0.19768923409836978,0.15532825445456824,0.03942000899673482,-2.1465885230279724,/home/sol856/jax-morph/results-natcompsci-2025/concentric-ring-my-own/trained_models_patterns_salt_pepper_sweep/wfrac_5/w12_0/ratio_1-1-4/ncells_120/visualizations/train-pattern-3-final.png,/home/sol856/jax-morph/results-natcompsci-2025/concentric-ring-my-own/trained_models_patterns_salt_pepper_sweep/wfrac_5/w12_0/ratio_1-1-4/ncells_120/visualizations/train-pattern-3-final-hide-type-3.png
wfrac_5/w12_1/ratio_1-1-4/ncells_40,train-pattern-0,-2.1664854429966334,-1.304572417523098,-1.8935453695670108,"[7, 8, 25]","[0.14314780281330636, 0.12821835859311392, 0.7286338385935797]","[3.563216824463656, 3.6931992408119907, 1.8999922026187825, 3.2124176652014826, 2.1761638408135147, 1.509825528235031]",0.10781988922900154,0.11045716181099631,0.2248710994619139,0.3840978671125399,0.07712938917854632,-1.5206364074138567,/home/sol856/jax-morph/results-natcompsci-2025/concentric-ring-my-own/trained_models_patterns_salt_pepper_sweep/wfrac_5/w12_1/ratio_1-1-4/ncells_40/visualizations/train-pattern-0-final.png,/home/sol856/jax-morph/results-natcompsci-2025/concentric-ring-my-own/trained_models_patterns_salt_pepper_sweep/wfrac_5/w12_1/ratio_1-1-4/ncells_40/visualizations/train-pattern-0-final-hide-type-3.png
wfrac_1/w12_1/ratio_1-1-8/ncells_40,train-pattern-3,-2.165070754479738,-1.2685131544312698,-2.3451369508683664,"[4, 11, 25]","[0.030133955946049742, 0.18574739827850656, 0.7841186457754438]","[3.200757508838759, 3.484953306753594, 0.9970062322478394, 3.2335417168782037, 0.8858743811205056, 1.0564611149215495]",0.15171154720222574,0.13649694486780992,0.3301652388508501,0.28433182041523775,0.06186177826821452,-1.7030994409131992,/home/sol856/jax-morph/results-natcompsci-2025/concentric-ring-my-own/trained_models_patterns_salt_pepper_sweep/wfrac_1/w12_1/ratio_1-1-8/ncells_40/visualizations/train-pattern-3-final.png,/home/sol856/jax-morph/results-natcompsci-2025/concentric-ring-my-own/trained_models_patterns_salt_pepper_sweep/wfrac_1/w12_1/ratio_1-1-8/ncells_40/visualizations/train-pattern-3-final-hide-type-3.png
wfrac_0/w12_0/ratio_1-1-8/ncells_120,train-pattern-0,-2.1604070277514107,-1.96120382940556,-2.102902385549792,"[34, 15, 71]","[0.23837153153224336, 0.027292205802375888, 0.7343362626653807]","[3.7469700907922006, 3.683265436005523, 0.8145327897354536, 1.6815247810919445, 0.9826287558113365, 0.9990377348420343]",0.09499228396612765,0.10279410151350171,0.2031306582622538,0.12481242590541776,0.03135805170694592,-2.080817709430493,/home/sol856/jax-morph/results-natcompsci-2025/concentric-ring-my-own/trained_models_patterns_salt_pepper_sweep/wfrac_0/w12_0/ratio_1-1-8/ncells_120/visualizations/train-pattern-0-final.png,/home/sol856/jax-morph/results-natcompsci-2025/concentric-ring-my-own/trained_models_patterns_salt_pepper_sweep/wfrac_0/w12_0/ratio_1-1-8/ncells_120/visualizations/train-pattern-0-final-hide-type-3.png
wfrac_0/w12_1/ratio_1-1-8/ncells_40,train-pattern-0,-2.155815366760177,-1.3695610386650334,-1.8170391217189326,"[4, 4, 32]","[0.01000094852927335, 0.010742675429540868, 0.9792563760411858]","[3.369284549907282, 3.061449784959243, 1.0617871284801355, 3.2099619870789295, 1.0305379761710625, 0.8255787006862655]",0.11925286776489999,0.12205371799883387,0.24190594609856023,0.4109903312259159,0.08298542933782248,-1.4830406164825751,/home/sol856/jax-morph/results-natcompsci-2025/concentric-ring-my-own/trained_models_patterns_salt_pepper_sweep/wfrac_0/w12_1/ratio_1-1-8/ncells_40/visualizations/train-pattern-0-final.png,/home/sol856/jax-morph/results-natcompsci-2025/concentric-ring-my-own/trained_models_patterns_salt_pepper_sweep/wfrac_0/w12_1/ratio_1-1-8/ncells_40/visualizations/train-pattern-0-final-hide-type-3.png
wfrac_1/w12_1/ratio_1-1-4/ncells_60,train-pattern-2,-2.1532910319230627,-1.6316455330083615,-1.8742757226263187,"[15, 6, 39]","[0.26717531407956185, 0.020771203081850955, 0.712053482838587]","[3.685264519526479, 3.4921760667049195, 0.8137840746382827, 0.9020648650870644, 1.1664341280340713, 1.1358023316452728]",0.12167614692595471,0.13029317505724305,0.24361865415027853,0.22001876865286102,0.061730008705983795,-1.7994936410086337,/home/sol856/jax-morph/results-natcompsci-2025/concentric-ring-my-own/trained_models_patterns_salt_pepper_sweep/wfrac_1/w12_1/ratio_1-1-4/ncells_60/visualizations/train-pattern-2-final.png,/home/sol856/jax-morph/results-natcompsci-2025/concentric-ring-my-own/trained_models_patterns_salt_pepper_sweep/wfrac_1/w12_1/ratio_1-1-4/ncells_60/visualizations/train-pattern-2-final-hide-type-3.png
wfrac_1/w12_1/ratio_1-1-8/ncells_40,train-pattern-4,-2.146871412941704,-1.8337332704065454,-1.570076061818808,"[7, 7, 26]","[0.09879716826861631, 0.11726365594140233, 0.7839391757899815]","[3.2167584689425626, 3.2535792608764336, 0.860057333659701, 3.737712881567271, 0.8649731643813705, 0.8074023337839108]",0.1383128477506881,0.1469085419676007,0.2644215427244419,0.24242492881897618,0.07152541634030554,-1.6071750192786067,/home/sol856/jax-morph/results-natcompsci-2025/concentric-ring-my-own/trained_models_patterns_salt_pepper_sweep/wfrac_1/w12_1/ratio_1-1-8/ncells_40/visualizations/train-pattern-4-final.png,/home/sol856/jax-morph/results-natcompsci-2025/concentric-ring-my-own/trained_models_patterns_salt_pepper_sweep/wfrac_1/w12_1/ratio_1-1-8/ncells_40/visualizations/train-pattern-4-final-hide-type-3.png
wfrac_1/w12_1/ratio_1-1-4/ncells_60,train-pattern-4,-2.137763970640936,-1.3667754178421532,-1.7312406534157743,"[6, 6, 48]","[0.02237616425391621, 0.023462516119887446, 0.9541613196261963]","[3.5115257980911023, 3.319882328226507, 1.5649172134866622, 3.2389625766130683, 1.7836880772684787, 1.2401195578340232]",0.09433711572784313,0.09686620146953204,0.18817196382223325,0.24210692697292938,0.07473160186082593,-1.59417886205509,/home/sol856/jax-morph/results-natcompsci-2025/concentric-ring-my-own/trained_models_patterns_salt_pepper_sweep/wfrac_1/w12_1/ratio_1-1-4/ncells_60/visualizations/train-pattern-4-final.png,/home/sol856/jax-morph/results-natcompsci-2025/concentric-ring-my-own/trained_models_patterns_salt_pepper_sweep/wfrac_1/w12_1/ratio_1-1-4/ncells_60/visualizations/train-pattern-4-final-hide-type-3.png
wfrac_1/w12_1/ratio_1-1-8/ncells_120,train-pattern-0,-2.136960879618637,-1.5551665950945648,-1.7692224942484545,"[13, 13, 94]","[0.022184538332802987, 0.010426007367549762, 0.9673894542996472]","[2.958697170490627, 3.134000257792821, 2.4241216547428914, 2.3440846483634665, 2.55145498638207, 1.5700269220783247]",0.08848876617845737,0.08715769732948755,0.152388620959356,0.15759979181404207,0.04907076624515306,-1.8932718941654545,/home/sol856/jax-morph/results-natcompsci-2025/concentric-ring-my-own/trained_models_patterns_salt_pepper_sweep/wfrac_1/w12_1/ratio_1-1-8/ncells_120/visualizations/train-pattern-0-final.png,/home/sol856/jax-morph/results-natcompsci-2025/concentric-ring-my-own/trained_models_patterns_salt_pepper_sweep/wfrac_1/w12_1/ratio_1-1-8/ncells_120/visualizations/train-pattern-0-final-hide-type-3.png
wfrac_1/w12_1/ratio_1-1-4/ncells_40,train-pattern-3,-2.1312498736539247,-1.4251944464994954,-2.237255406431287,"[4, 9, 27]","[0.012884417984491097, 0.11307797396619217, 0.8740376080493167]","[3.061836190630099, 3.4906240247175626, 2.0152922812437595, 3.6620238127013263, 1.6854211995057604, 1.357705904355971]",0.10690572517387015,0.11089640154914736,0.24946302147941682,0.43585320750018797,0.0755157532216018,-1.5603090045887074,/home/sol856/jax-morph/results-natcompsci-2025/concentric-ring-my-own/trained_models_patterns_salt_pepper_sweep/wfrac_1/w12_1/ratio_1-1-4/ncells_40/visualizations/train-pattern-3-final.png,/home/sol856/jax-morph/results-natcompsci-2025/concentric-ring-my-own/trained_models_patterns_salt_pepper_sweep/wfrac_1/w12_1/ratio_1-1-4/ncells_40/visualizations/train-pattern-3-final-hide-type-3.png
wfrac_0/w12_1/ratio_1-1-8/ncells_40,train-pattern-1,-2.1168645185057806,-1.8192942864698916,-1.5101467699151296,"[4, 4, 32]","[0.004080715299502229, 0.005900509474027515, 0.9900187752264702]","[3.6563133594732395, 1.1318064988349748, 3.1932165604260643, 3.382670981938624, 2.887757301829655, 1.7481820286943963]",0.09747636024443573,0.11365634074200875,0.17660126924582992,0.5752178222937363,0.12082799730565823,-1.4010712623331976,/home/sol856/jax-morph/results-natcompsci-2025/concentric-ring-my-own/trained_models_patterns_salt_pepper_sweep/wfrac_0/w12_1/ratio_1-1-8/ncells_40/visualizations/train-pattern-1-final.png,/home/sol856/jax-morph/results-natcompsci-2025/concentric-ring-my-own/trained_models_patterns_salt_pepper_sweep/wfrac_0/w12_1/ratio_1-1-8/ncells_40/visualizations/train-pattern-1-final-hide-type-3.png
wfrac_0/w12_1/ratio_1-1-4/ncells_40,train-pattern-2,-2.1009976286073466,-1.5120454375630337,-1.8621619302906767,"[4, 4, 32]","[0.0057845246736450764, 0.014160133586225851, 0.980055341740129]","[3.2077495588937115, 2.616034012197522, 1.6722641008258416, 3.6845851706171038, 1.5932179159380264, 1.1923630855935012]",0.1071874498626885,0.10963123376202392,0.22351381800380593,0.44507899612050306,0.08894563428523555,-1.439077224664474,/home/sol856/jax-morph/results-natcompsci-2025/concentric-ring-my-own/trained_models_patterns_salt_pepper_sweep/wfrac_0/w12_1/ratio_1-1-4/ncells_40/visualizations/train-pattern-2-final.png,/home/sol856/jax-morph/results-natcompsci-2025/concentric-ring-my-own/trained_models_patterns_salt_pepper_sweep/wfrac_0/w12_1/ratio_1-1-4/ncells_40/visualizations/train-pattern-2-final-hide-type-3.png
wfrac_1/w12_0/ratio_1-1-4/ncells_120,train-pattern-1,-2.0929425460732665,0.13993068423894345,-0.7784169496514681,"[19, 29, 72]","[0.10040091638646867, 0.13671400007089796, 0.7628850835426334]","[3.148362171816049, 2.137175288395193, 1.2134757741388404, 3.0712576795559983, 1.124634273862792, 2.7635145223548445]",0.10593588207683799,0.115764440054307,0.12856510390743164,0.06800998606637006,0.06577620863032066,-1.7755453405189223,/home/sol856/jax-morph/results-natcompsci-2025/concentric-ring-my-own/trained_models_patterns_salt_pepper_sweep/wfrac_1/w12_0/ratio_1-1-4/ncells_120/visualizations/train-pattern-1-final.png,/home/sol856/jax-morph/results-natcompsci-2025/concentric-ring-my-own/trained_models_patterns_salt_pepper_sweep/wfrac_1/w12_0/ratio_1-1-4/ncells_120/visualizations/train-pattern-1-final-hide-type-3.png
wfrac_5/w12_1/ratio_1-1-4/ncells_40,train-pattern-1,-2.08541793032038,-1.5177618416051863,-1.8177281203351954,"[9, 5, 26]","[0.19921633424460794, 0.04862790727192986, 0.7521557584834623]","[3.7294772023248157, 3.487957439843364, 1.5348428516843662, 1.8632185373116628, 1.9473813808703822, 1.3001757397091942]",0.1198838803138419,0.11072973290581559,0.23377546223934864,0.3332990398744791,0.07533651618669726,-1.528147106450502,/home/sol856/jax-morph/results-natcompsci-2025/concentric-ring-my-own/trained_models_patterns_salt_pepper_sweep/wfrac_5/w12_1/ratio_1-1-4/ncells_40/visualizations/train-pattern-1-final.png,/home/sol856/jax-morph/results-natcompsci-2025/concentric-ring-my-own/trained_models_patterns_salt_pepper_sweep/wfrac_5/w12_1/ratio_1-1-4/ncells_40/visualizations/train-pattern-1-final-hide-type-3.png
wfrac_0/w12_0/ratio_1-1-4/ncells_120,train-pattern-1,-2.0841579316757644,-1.7368593476402403,-2.1521990841577234,"[19, 17, 84]","[0.09926334417708103, 0.06049639251538169, 0.8402402633075373]","[3.6250634791293876, 3.623347410261797, 1.1156492248334016, 3.297446462658985, 1.08318114727596, 1.318715151568672]",0.09600989409631976,0.09098036120400223,0.19807444994254236,0.17406032042200675,0.038703947509190234,-2.0800610852447097,/home/sol856/jax-morph/results-natcompsci-2025/concentric-ring-my-own/trained_models_patterns_salt_pepper_sweep/wfrac_0/w12_0/ratio_1-1-4/ncells_120/visualizations/train-pattern-1-final.png,/home/sol856/jax-morph/results-natcompsci-2025/concentric-ring-my-own/trained_models_patterns_salt_pepper_sweep/wfrac_0/w12_0/ratio_1-1-4/ncells_120/visualizations/train-pattern-1-final-hide-type-3.png
wfrac_1/w12_1/ratio_1-1-4/ncells_40,train-pattern-4,-2.0831425368655947,-1.375233271566027,-1.8071517616461752,"[7, 4, 29]","[0.0980465356837539, 0.008230307226405865, 0.8937231570898403]","[3.6544882503831593, 3.3986587363052907, 1.7644368580285072, 3.7300532160574518, 2.007866596055452, 1.4104732774352735]",0.1098816188800487,0.10874021019326054,0.2261704183194713,0.32160282307285626,0.07853792110581796,-1.4886009672175162,/home/sol856/jax-morph/results-natcompsci-2025/concentric-ring-my-own/trained_models_patterns_salt_pepper_sweep/wfrac_1/w12_1/ratio_1-1-4/ncells_40/visualizations/train-pattern-4-final.png,/home/sol856/jax-morph/results-natcompsci-2025/concentric-ring-my-own/trained_models_patterns_salt_pepper_sweep/wfrac_1/w12_1/ratio_1-1-4/ncells_40/visualizations/train-pattern-4-final-hide-type-3.png
wfrac_5/w12_1/ratio_1-1-4/ncells_60,train-pattern-4,-2.0829510062217826,-1.6974484720291663,-1.7961146920601994,"[13, 10, 37]","[0.174122675945727, 0.16928401830857598, 0.6565933057456971]","[3.60081115985981, 2.7558665008548324, 1.0073553312934742, 3.74229727254538, 0.8921462894836919, 1.0568048620207173]",0.1290254094360662,0.13579279644160974,0.24467963684130262,0.20989704719816188,0.05960216355646555,-1.8472054987822362,/home/sol856/jax-morph/results-natcompsci-2025/concentric-ring-my-own/trained_models_patterns_salt_pepper_sweep/wfrac_5/w12_1/ratio_1-1-4/ncells_60/visualizations/train-pattern-4-final.png,/home/sol856/jax-morph/results-natcompsci-2025/concentric-ring-my-own/trained_models_patterns_salt_pepper_sweep/wfrac_5/w12_1/ratio_1-1-4/ncells_60/visualizations/train-pattern-4-final-hide-type-3.png
wfrac_1/w12_1/ratio_1-1-8/ncells_60,train-pattern-0,-2.0803287051015773,-1.3819986890156928,-1.8925201946213928,"[7, 6, 47]","[0.05730099615076432, 0.00995617106687534, 0.9327428327823604]","[3.7743412942843504, 3.660277575433474, 1.2221378858305938, 3.746294766165243, 1.2839670225077153, 1.0860061767990359]",0.10607993696866798,0.10424734813284171,0.20126341681367216,0.38443837785783247,0.07047251831982043,-1.669193017961756,/home/sol856/jax-morph/results-natcompsci-2025/concentric-ring-my-own/trained_models_patterns_salt_pepper_sweep/wfrac_1/w12_1/ratio_1-1-8/ncells_60/visualizations/train-pattern-0-final.png,/home/sol856/jax-morph/results-natcompsci-2025/concentric-ring-my-own/trained_models_patterns_salt_pepper_sweep/wfrac_1/w12_1/ratio_1-1-8/ncells_60/visualizations/train-pattern-0-final-hide-type-3.png
wfrac_0/w12_1/ratio_1-1-8/ncells_60,train-pattern-1,-2.0746801310745875,-1.467131941606095,-1.8023993307495698,"[6, 6, 48]","[0.007307269026260685, 0.005003353586332018, 0.9876893773874073]","[3.459602182589175, 3.271026083041212, 2.081637144338992, 3.3729066683162614, 2.176768578188546, 1.40883799032121]",0.09441395509699145,0.0944420705887505,0.17338025968202733,0.4306548313846192,0.083881399374335,-1.610383558776432,/home/sol856/jax-morph/results-natcompsci-2025/concentric-ring-my-own/trained_models_patterns_salt_pepper_sweep/wfrac_0/w12_1/ratio_1-1-8/ncells_60/visualizations/train-pattern-1-final.png,/home/sol856/jax-morph/results-natcompsci-2025/concentric-ring-my-own/trained_models_patterns_salt_pepper_sweep/wfrac_0/w12_1/ratio_1-1-8/ncells_60/visualizations/train-pattern-1-final-hide-type-3.png
wfrac_1/w12_1/ratio_1-1-4/ncells_40,train-pattern-2,-2.07387205212805,-1.5147575339552815,-2.0708605872353383,"[4, 10, 26]","[0.016738244735893738, 0.21099016590960235, 0.772271589354504]","[3.2524788659641617, 3.6800142038451353, 1.2771965414530986, 3.7953709563178, 0.9418749040140295, 1.0585349113906657]",0.11328865957313278,0.12270511118969994,0.2541564099274829,0.3921172828298813,0.06139174135207078,-1.5585086541110262,/home/sol856/jax-morph/results-natcompsci-2025/concentric-ring-my-own/trained_models_patterns_salt_pepper_sweep/wfrac_1/w12_1/ratio_1-1-4/ncells_40/visualizations/train-pattern-2-final.png,/home/sol856/jax-morph/results-natcompsci-2025/concentric-ring-my-own/trained_models_patterns_salt_pepper_sweep/wfrac_1/w12_1/ratio_1-1-4/ncells_40/visualizations/train-pattern-2-final-hide-type-3.png
wfrac_5/w12_1/ratio_1-1-4/ncells_60,train-pattern-1,-2.0681555099540154,-1.4371095529019453,-1.592874764328046,"[10, 13, 37]","[0.10943927897775853, 0.19286570436506859, 0.697695016657173]","[1.9363737102448013, 3.7585152357329417, 1.6653949902244096, 3.5602534845808007, 1.0974218722732714, 1.4110674819844236]",0.10487113933299888,0.12644917810010042,0.20450201860378342,0.19796821646549537,0.06313368351016635,-1.726223219665876,/home/sol856/jax-morph/results-natcompsci-2025/concentric-ring-my-own/trained_models_patterns_salt_pepper_sweep/wfrac_5/w12_1/ratio_1-1-4/ncells_60/visualizations/train-pattern-1-final.png,/home/sol856/jax-morph/results-natcompsci-2025/concentric-ring-my-own/trained_models_patterns_salt_pepper_sweep/wfrac_5/w12_1/ratio_1-1-4/ncells_60/visualizations/train-pattern-1-final-hide-type-3.png
wfrac_5/w12_0/ratio_1-1-4/ncells_60,train-pattern-4,-2.062309019872009,-1.6940983980285231,-1.6150111934411837,"[13, 10, 37]","[0.17737853027580616, 0.16935472309885458, 0.6532667466253392]","[3.386746986176348, 3.7640318693773525, 1.0213741271470127, 3.380924648511434, 1.04180389628129, 1.1370402925878071]",0.12123601470509775,0.13369903102407873,0.2382797386611155,0.2362044212102977,0.06585672881973381,-1.8474209929415277,/home/sol856/jax-morph/results-natcompsci-2025/concentric-ring-my-own/trained_models_patterns_salt_pepper_sweep/wfrac_5/w12_0/ratio_1-1-4/ncells_60/visualizations/train-pattern-4-final.png,/home/sol856/jax-morph/results-natcompsci-2025/concentric-ring-my-own/trained_models_patterns_salt_pepper_sweep/wfrac_5/w12_0/ratio_1-1-4/ncells_60/visualizations/train-pattern-4-final-hide-type-3.png
wfrac_5/w12_1/ratio_1-1-4/ncells_40,train-pattern-2,-2.0619534857531043,-1.513092979262107,-1.8836290643386708,"[9, 9, 22]","[0.16303169608244106, 0.17379420167823142, 0.6631741022393275]","[3.681473748848557, 3.177311458590278, 0.8711989435146006, 3.669189310135967, 0.8668775427131167, 0.8054581808300464]",0.1311204760141762,0.13943908592294954,0.2717452325447418,0.33825768678973883,0.060639550196885404,-1.5941542216696567,/home/sol856/jax-morph/results-natcompsci-2025/concentric-ring-my-own/trained_models_patterns_salt_pepper_sweep/wfrac_5/w12_1/ratio_1-1-4/ncells_40/visualizations/train-pattern-2-final.png,/home/sol856/jax-morph/results-natcompsci-2025/concentric-ring-my-own/trained_models_patterns_salt_pepper_sweep/wfrac_5/w12_1/ratio_1-1-4/ncells_40/visualizations/train-pattern-2-final-hide-type-3.png
wfrac_0/w12_0/ratio_1-1-4/ncells_60,train-pattern-0,-2.0581871420324593,-1.1999999335882545,-1.4362206399028683,"[7, 6, 47]","[0.035061988649329245, 0.01792868887017185, 0.947009322480499]","[3.748183166201523, 0.8278511281417884, 1.1892766941441102, 3.0547715957729613, 1.1385107355095658, 1.0353760778698002]",0.10065721498991155,0.09946598233472449,0.19122414012392072,0.3910858051960605,0.07552344951760474,-1.600734661427626,/home/sol856/jax-morph/results-natcompsci-2025/concentric-ring-my-own/trained_models_patterns_salt_pepper_sweep/wfrac_0/w12_0/ratio_1-1-4/ncells_60/visualizations/train-pattern-0-final.png,/home/sol856/jax-morph/results-natcompsci-2025/concentric-ring-my-own/trained_models_patterns_salt_pepper_sweep/wfrac_0/w12_0/ratio_1-1-4/ncells_60/visualizations/train-pattern-0-final-hide-type-3.png
wfrac_0/w12_0/ratio_1-1-4/ncells_60,train-pattern-4,-2.0419035980753986,-1.7060259513946805,-1.9694046203388398,"[21, 9, 30]","[0.3745825712755022, 0.15366837499463668, 0.4717490537298612]","[3.7706644537928957, 3.784355279089297, 0.8650868274647733, 2.9498068412399583, 0.8590956316582918, 0.9396134896193786]",0.13407001854078554,0.1018669631626671,0.24944822672027936,0.1767742407045227,0.051499878706679596,-1.8857920488772522,/home/sol856/jax-morph/results-natcompsci-2025/concentric-ring-my-own/trained_models_patterns_salt_pepper_sweep/wfrac_0/w12_0/ratio_1-1-4/ncells_60/visualizations/train-pattern-4-final.png,/home/sol856/jax-morph/results-natcompsci-2025/concentric-ring-my-own/trained_models_patterns_salt_pepper_sweep/wfrac_0/w12_0/ratio_1-1-4/ncells_60/visualizations/train-pattern-4-final-hide-type-3.png
wfrac_1/w12_1/ratio_1-1-4/ncells_60,train-pattern-3,-2.040379931579547,-1.4867696724223154,-2.184002335270184,"[9, 12, 39]","[0.18281015932017838, 0.23221903445660158, 0.5849708062232201]","[3.772578971082753, 3.646574648168073, 0.8011616050615317, 3.167133473266899, 0.8143668530436649, 0.8359530979900748]",0.1172292205423868,0.11997876343024798,0.25355970929548965,0.27354118349978823,0.057475848466206056,-1.8044197470080536,/home/sol856/jax-morph/results-natcompsci-2025/concentric-ring-my-own/trained_models_patterns_salt_pepper_sweep/wfrac_1/w12_1/ratio_1-1-4/ncells_60/visualizations/train-pattern-3-final.png,/home/sol856/jax-morph/results-natcompsci-2025/concentric-ring-my-own/trained_models_patterns_salt_pepper_sweep/wfrac_1/w12_1/ratio_1-1-4/ncells_60/visualizations/train-pattern-3-final-hide-type-3.png
wfrac_0/w12_1/ratio_1-1-4/ncells_40,train-pattern-0,-2.0366188531061296,-1.65489050622461,-1.5310403850154124,"[4, 4, 32]","[0.008685811321322564, 0.01316863216929577, 0.9781455565093817]","[3.497177137010687, 3.7883765626661985, 1.8500534122233157, 3.296417516433289, 1.8693702316221585, 1.2510772382253017]",0.10746543254967507,0.11974109498664587,0.20307576043265768,0.4439574800893716,0.1037490072695283,-1.432139583232202,/home/sol856/jax-morph/results-natcompsci-2025/concentric-ring-my-own/trained_models_patterns_salt_pepper_sweep/wfrac_0/w12_1/ratio_1-1-4/ncells_40/visualizations/train-pattern-0-final.png,/home/sol856/jax-morph/results-natcompsci-2025/concentric-ring-my-own/trained_models_patterns_salt_pepper_sweep/wfrac_0/w12_1/ratio_1-1-4/ncells_40/visualizations/train-pattern-0-final-hide-type-3.png
wfrac_1/w12_0/ratio_1-1-4/ncells_40,train-pattern-3,-2.0134811187370127,-0.6487968667178539,-1.2505171815923994,"[4, 4, 32]","[0.009217245521808198, 0.011727812808273471, 0.9790549416699184]","[2.218503043012313, 3.4564315836815336, 3.04890336557009, 1.6154888047321023, 2.9752724325899713, 1.7477949511481325]",0.09721522163379515,0.09544240680215686,0.18866158656969798,0.6192141107501412,0.10948396503198796,-1.3999615652869277,/home/sol856/jax-morph/results-natcompsci-2025/concentric-ring-my-own/trained_models_patterns_salt_pepper_sweep/wfrac_1/w12_0/ratio_1-1-4/ncells_40/visualizations/train-pattern-3-final.png,/home/sol856/jax-morph/results-natcompsci-2025/concentric-ring-my-own/trained_models_patterns_salt_pepper_sweep/wfrac_1/w12_0/ratio_1-1-4/ncells_40/visualizations/train-pattern-3-final-hide-type-3.png
wfrac_1/w12_1/ratio_1-1-8/ncells_60,train-pattern-3,-2.008853923331296,-1.4383087284457343,-2.3382875416084516,"[6, 6, 48]","[0.007154417309003636, 0.008449609071629121, 0.9843959736193671]","[3.0807749432454017, 3.20205954635947, 1.0391354490623015, 3.325827941590288, 0.9794033252730578, 0.8460972786555951]",0.10853937034669793,0.10880475628485484,0.2443302028916938,0.42923316570501335,0.06264146479942231,-1.7018350781014504,/home/sol856/jax-morph/results-natcompsci-2025/concentric-ring-my-own/trained_models_patterns_salt_pepper_sweep/wfrac_1/w12_1/ratio_1-1-8/ncells_60/visualizations/train-pattern-3-final.png,/home/sol856/jax-morph/results-natcompsci-2025/concentric-ring-my-own/trained_models_patterns_salt_pepper_sweep/wfrac_1/w12_1/ratio_1-1-8/ncells_60/visualizations/train-pattern-3-final-hide-type-3.png
wfrac_0/w12_1/ratio_1-1-8/ncells_60,train-pattern-4,-2.001307263275909,-0.15001779038281318,0.2905604314745194,"[6, 6, 48]","[0.01779174483072823, 0.02406313657886356, 0.9581451185904081]","[1.1659877858030154, 3.467384943770405, 3.298916761173672, 1.1265335075410783, 3.5571745622293625, 3.4031552860033614]",0.19148923457463438,0.13982748347919113,0.14836380006175287,0.11846608989675259,0.11666866545462735,-1.5371713240040819,/home/sol856/jax-morph/results-natcompsci-2025/concentric-ring-my-own/trained_models_patterns_salt_pepper_sweep/wfrac_0/w12_1/ratio_1-1-8/ncells_60/visualizations/train-pattern-4-final.png,/home/sol856/jax-morph/results-natcompsci-2025/concentric-ring-my-own/trained_models_patterns_salt_pepper_sweep/wfrac_0/w12_1/ratio_1-1-8/ncells_60/visualizations/train-pattern-4-final-hide-type-3.png
wfrac_5/w12_0/ratio_1-1-4/ncells_40,train-pattern-2,-1.9999281544850127,-0.8973056291526159,-0.6891022239408258,"[7, 8, 25]","[0.07841168331516886, 0.17555219898046995, 0.7460361177043613]","[0.9085408704571276, 3.575161348811176, 2.728249320788114, 3.698759517963368, 2.5320645937316497, 1.8215714335808988]",0.13978096633109735,0.11842472661525891,0.19770944723857978,0.2858039668764581,0.10857168012041712,-1.4026363611390078,/home/sol856/jax-morph/results-natcompsci-2025/concentric-ring-my-own/trained_models_patterns_salt_pepper_sweep/wfrac_5/w12_0/ratio_1-1-4/ncells_40/visualizations/train-pattern-2-final.png,/home/sol856/jax-morph/results-natcompsci-2025/concentric-ring-my-own/trained_models_patterns_salt_pepper_sweep/wfrac_5/w12_0/ratio_1-1-4/ncells_40/visualizations/train-pattern-2-final-hide-type-3.png
wfrac_0/w12_1/ratio_1-1-8/ncells_40,train-pattern-3,-1.988284530552592,-1.4807283846918189,-1.774417172090038,"[4, 10, 26]","[0.015789611109525134, 0.1563457280476627, 0.8278646608428123]","[1.6798051117954245, 3.6981455757992423, 2.065346878529354, 3.702136128140995, 1.3056218413361125, 1.3454354175628223]",0.11032703868105312,0.12462122682392557,0.21899752906714912,0.4357018388532824,0.0986535374025471,-1.596876235017598,/home/sol856/jax-morph/results-natcompsci-2025/concentric-ring-my-own/trained_models_patterns_salt_pepper_sweep/wfrac_0/w12_1/ratio_1-1-8/ncells_40/visualizations/train-pattern-3-final.png,/home/sol856/jax-morph/results-natcompsci-2025/concentric-ring-my-own/trained_models_patterns_salt_pepper_sweep/wfrac_0/w12_1/ratio_1-1-8/ncells_40/visualizations/train-pattern-3-final-hide-type-3.png
wfrac_5/w12_0/ratio_1-1-8/ncells_60,train-pattern-4,-1.9864941990649585,-1.3707233096947047,-1.4854914465721625,"[11, 9, 40]","[0.11393923400549992, 0.10330432258305317, 0.7827564434114469]","[3.4555375742646577, 3.7169686449190165, 0.8672015330833822, 3.780380066068018, 0.9312315444278004, 0.9277688232899663]",0.12493756899293566,0.11244477303813505,0.21441289763801005,0.27123545971002067,0.06576311674791648,-1.7809490072506855,/home/sol856/jax-morph/results-natcompsci-2025/concentric-ring-my-own/trained_models_patterns_salt_pepper_sweep/wfrac_5/w12_0/ratio_1-1-8/ncells_60/visualizations/train-pattern-4-final.png,/home/sol856/jax-morph/results-natcompsci-2025/concentric-ring-my-own/trained_models_patterns_salt_pepper_sweep/wfrac_5/w12_0/ratio_1-1-8/ncells_60/visualizations/train-pattern-4-final-hide-type-3.png
wfrac_0/w12_1/ratio_1-1-8/ncells_40,train-pattern-4,-1.9583914753785692,-1.7336864554767626,-1.4263452303813626,"[4, 4, 32]","[0.004817822866271183, 0.005404724213135132, 0.9897774529205937]","[3.128764070013098, 2.4868329481638654, 1.595392535415055, 3.3462867708506536, 1.5457990405229118, 1.1270701088415787]",0.12412724469267097,0.12059010653918242,0.22648765071599852,0.24342291973341132,0.08554546456129195,-1.450764780367792,/home/sol856/jax-morph/results-natcompsci-2025/concentric-ring-my-own/trained_models_patterns_salt_pepper_sweep/wfrac_0/w12_1/ratio_1-1-8/ncells_40/visualizations/train-pattern-4-final.png,/home/sol856/jax-morph/results-natcompsci-2025/concentric-ring-my-own/trained_models_patterns_salt_pepper_sweep/wfrac_0/w12_1/ratio_1-1-8/ncells_40/visualizations/train-pattern-4-final-hide-type-3.png
wfrac_1/w12_1/ratio_1-1-8/ncells_60,train-pattern-1,-1.9472166019899606,-1.4543040984888713,-1.997597476031868,"[6, 6, 48]","[0.005755970751211747, 0.008527031629836042, 0.9857169976189522]","[3.7763772643791587, 3.0075712390049407, 1.4346453272921191, 3.0598123945491027, 1.5396582289951806, 1.2609454505214348]",0.0983517317411197,0.09640209297911927,0.1942573237664716,0.43662242590746264,0.07283401229678149,-1.6387740719588608,/home/sol856/jax-morph/results-natcompsci-2025/concentric-ring-my-own/trained_models_patterns_salt_pepper_sweep/wfrac_1/w12_1/ratio_1-1-8/ncells_60/visualizations/train-pattern-1-final.png,/home/sol856/jax-morph/results-natcompsci-2025/concentric-ring-my-own/trained_models_patterns_salt_pepper_sweep/wfrac_1/w12_1/ratio_1-1-8/ncells_60/visualizations/train-pattern-1-final-hide-type-3.png
wfrac_0/w12_1/ratio_1-1-8/ncells_60,train-pattern-2,-1.9349678692464432,-1.4493928954953952,-1.6771664850735122,"[6, 6, 48]","[0.005737136913492087, 0.013276091707139608, 0.9809867713793683]","[3.343207301833994, 3.6853239766980597, 3.246435620936693, 2.644094306430415, 2.4880478635360945, 1.7109679202740555]",0.09527041560127843,0.10433617948585236,0.18049750060850167,0.35439672358292407,0.08204795492369017,-1.5959086612005695,/home/sol856/jax-morph/results-natcompsci-2025/concentric-ring-my-own/trained_models_patterns_salt_pepper_sweep/wfrac_0/w12_1/ratio_1-1-8/ncells_60/visualizations/train-pattern-2-final.png,/home/sol856/jax-morph/results-natcompsci-2025/concentric-ring-my-own/trained_models_patterns_salt_pepper_sweep/wfrac_0/w12_1/ratio_1-1-8/ncells_60/visualizations/train-pattern-2-final-hide-type-3.png
wfrac_5/w12_0/ratio_1-1-8/ncells_60,train-pattern-2,-1.9299101088158943,-1.435473432975543,-1.6551994020314553,"[11, 10, 39]","[0.10021594920474343, 0.11484701832187769, 0.7849370324733788]","[3.2565040749781753, 3.2614570921835107, 0.8888411780577888, 3.7953329054027387, 0.8488507483382097, 0.8309675079250318]",0.1220205235790149,0.12234738914046857,0.2351958872513437,0.28223836610600717,0.0649858655522716,-1.8119055222651246,/home/sol856/jax-morph/results-natcompsci-2025/concentric-ring-my-own/trained_models_patterns_salt_pepper_sweep/wfrac_5/w12_0/ratio_1-1-8/ncells_60/visualizations/train-pattern-2-final.png,/home/sol856/jax-morph/results-natcompsci-2025/concentric-ring-my-own/trained_models_patterns_salt_pepper_sweep/wfrac_5/w12_0/ratio_1-1-8/ncells_60/visualizations/train-pattern-2-final-hide-type-3.png
wfrac_0/w12_0/ratio_1-1-8/ncells_40,train-pattern-3,-1.9280491595001044,-1.1410643772607407,-1.2574517376835472,"[4, 5, 31]","[0.06862192154631495, 0.0423505626100125, 0.8890275158436726]","[3.340602200094618, 3.688698679042168, 3.1246138972245046, 3.3398176196960847, 3.070100662059918, 1.9873526830368942]",0.10079260649607133,0.10154711964872695,0.196318151193928,0.4570528678462987,0.10518998796638142,-1.4228574751586314,/home/sol856/jax-morph/results-natcompsci-2025/concentric-ring-my-own/trained_models_patterns_salt_pepper_sweep/wfrac_0/w12_0/ratio_1-1-8/ncells_40/visualizations/train-pattern-3-final.png,/home/sol856/jax-morph/results-natcompsci-2025/concentric-ring-my-own/trained_models_patterns_salt_pepper_sweep/wfrac_0/w12_0/ratio_1-1-8/ncells_40/visualizations/train-pattern-3-final-hide-type-3.png
wfrac_5/w12_0/ratio_1-1-8/ncells_60,train-pattern-1,-1.9197360405972037,-1.5439196800425512,-2.059443692343207,"[10, 11, 39]","[0.10175253224093019, 0.12168528536529986, 0.77656218239377]","[3.6759043438673684, 3.6201291390510564, 0.9652270167241527, 3.4403907532870646, 0.924797823129925, 0.9925748864390406]",0.11491115357825554,0.10859052931709075,0.2593511330022623,0.2718933192943,0.04414976937949479,-1.745098960653542,/home/sol856/jax-morph/results-natcompsci-2025/concentric-ring-my-own/trained_models_patterns_salt_pepper_sweep/wfrac_5/w12_0/ratio_1-1-8/ncells_60/visualizations/train-pattern-1-final.png,/home/sol856/jax-morph/results-natcompsci-2025/concentric-ring-my-own/trained_models_patterns_salt_pepper_sweep/wfrac_5/w12_0/ratio_1-1-8/ncells_60/visualizations/train-pattern-1-final-hide-type-3.png
wfrac_1/w12_0/ratio_1-1-8/ncells_120,train-pattern-1,-1.9089797392879568,-1.542205571486869,-1.8845965623941314,"[12, 12, 96]","[0.0061638679829108195, 0.010181639220671503, 0.9836544927964177]","[1.978723316350518, 2.3949007970195013, 1.30071498849818, 2.591358304685285, 1.2554497083533467, 1.1220213365636733]",0.09584668299873447,0.09260103514841458,0.18162233632637526,0.18121782525825073,0.042762941763757126,-1.9956133223656265,/home/sol856/jax-morph/results-natcompsci-2025/concentric-ring-my-own/trained_models_patterns_salt_pepper_sweep/wfrac_1/w12_0/ratio_1-1-8/ncells_120/visualizations/train-pattern-1-final.png,/home/sol856/jax-morph/results-natcompsci-2025/concentric-ring-my-own/trained_models_patterns_salt_pepper_sweep/wfrac_1/w12_0/ratio_1-1-8/ncells_120/visualizations/train-pattern-1-final-hide-type-3.png
wfrac_5/w12_1/ratio_1-1-8/ncells_40,train-pattern-3,-1.905659584875866,-1.3390945679891484,-1.763466316558402,"[4, 4, 32]","[0.017038088206676644, 0.021314244119739045, 0.9616476676735842]","[2.797004371014406, 3.1907117609373534, 2.371907846949489, 2.553485180724792, 2.403894878466339, 1.3975172235522164]",0.10942785561974851,0.09461047481598107,0.19565618462813608,0.5228640753885015,0.10603555837969057,-1.4304592576255257,/home/sol856/jax-morph/results-natcompsci-2025/concentric-ring-my-own/trained_models_patterns_salt_pepper_sweep/wfrac_5/w12_1/ratio_1-1-8/ncells_40/visualizations/train-pattern-3-final.png,/home/sol856/jax-morph/results-natcompsci-2025/concentric-ring-my-own/trained_models_patterns_salt_pepper_sweep/wfrac_5/w12_1/ratio_1-1-8/ncells_40/visualizations/train-pattern-3-final-hide-type-3.png
wfrac_1/w12_0/ratio_1-1-4/ncells_60,train-pattern-4,-1.904460318923939,-1.7838745889333345,-1.838590999978391,"[12, 20, 28]","[0.15433961547022507, 0.24046170473270367, 0.6051986797970712]","[2.9096706590806356, 3.781384795913243, 0.8945268817782898, 3.6995915193391076, 0.8220816825273527, 1.016782040808914]",0.1372430868245725,0.1245161410631887,0.25851407885080885,0.16757309911218288,0.052327617083136914,-1.9233701074310514,/home/sol856/jax-morph/results-natcompsci-2025/concentric-ring-my-own/trained_models_patterns_salt_pepper_sweep/wfrac_1/w12_0/ratio_1-1-4/ncells_60/visualizations/train-pattern-4-final.png,/home/sol856/jax-morph/results-natcompsci-2025/concentric-ring-my-own/trained_models_patterns_salt_pepper_sweep/wfrac_1/w12_0/ratio_1-1-4/ncells_60/visualizations/train-pattern-4-final-hide-type-3.png
wfrac_1/w12_1/ratio_1-1-8/ncells_60,train-pattern-4,-1.888664900591762,-0.4024322464363177,0.2431908629944752,"[6, 6, 48]","[0.02873809012928515, 0.019930894280588685, 0.9513310155901261]","[3.297088145013343, 2.7908304975038196, 3.7634602467947227, 1.1134103237807185, 2.639278082186543, 3.2121937945622188]",0.1742025348956786,0.16057118942843693,0.14923440412325448,0.1420332814926716,0.11394904194144119,-1.584118099462905,/home/sol856/jax-morph/results-natcompsci-2025/concentric-ring-my-own/trained_models_patterns_salt_pepper_sweep/wfrac_1/w12_1/ratio_1-1-8/ncells_60/visualizations/train-pattern-4-final.png,/home/sol856/jax-morph/results-natcompsci-2025/concentric-ring-my-own/trained_models_patterns_salt_pepper_sweep/wfrac_1/w12_1/ratio_1-1-8/ncells_60/visualizations/train-pattern-4-final-hide-type-3.png
wfrac_0/w12_0/ratio_1-1-8/ncells_60,train-pattern-1,-1.8853563845679755,-1.188830420709861,-1.7370961045657989,"[6, 7, 47]","[0.013679098912153333, 0.042929215587276734, 0.94339168550057]","[3.4432775395867834, 3.7329034121069, 1.1387032557606074, 3.6523989711275267, 1.1181184509985207, 1.2172222748169066]",0.1065332745421822,0.10742524357249605,0.22382152520347695,0.46904906454378525,0.06581385376038737,-1.7042798874381995,/home/sol856/jax-morph/results-natcompsci-2025/concentric-ring-my-own/trained_models_patterns_salt_pepper_sweep/wfrac_0/w12_0/ratio_1-1-8/ncells_60/visualizations/train-pattern-1-final.png,/home/sol856/jax-morph/results-natcompsci-2025/concentric-ring-my-own/trained_models_patterns_salt_pepper_sweep/wfrac_0/w12_0/ratio_1-1-8/ncells_60/visualizations/train-pattern-1-final-hide-type-3.png
wfrac_1/w12_0/ratio_1-1-4/ncells_40,train-pattern-2,-1.877619077625319,-1.1742363072095379,-1.5811022491708202,"[6, 10, 24]","[0.05128955829636059, 0.24189906079444753, 0.7068113809091918]","[3.7430139219950025, 3.4060589706186155, 0.920053928934764, 3.3905109273884024, 0.8184181114765873, 0.8716917348948678]",0.14473015019660382,0.12344207217169893,0.2695179121503279,0.31482087110193746,0.06847159318537262,-1.6361169445359414,/home/sol856/jax-morph/results-natcompsci-2025/concentric-ring-my-own/trained_models_patterns_salt_pepper_sweep/wfrac_1/w12_0/ratio_1-1-4/ncells_40/visualizations/train-pattern-2-final.png,/home/sol856/jax-morph/results-natcompsci-2025/concentric-ring-my-own/trained_models_patterns_salt_pepper_sweep/wfrac_1/w12_0/ratio_1-1-4/ncells_40/visualizations/train-pattern-2-final-hide-type-3.png
wfrac_1/w12_0/ratio_1-1-8/ncells_40,train-pattern-1,-1.8671494810889984,-0.8519084275174171,-1.3356655406014633,"[7, 4, 29]","[0.09098126781463191, 0.03251163447113437, 0.8765070977142339]","[3.7899203964469788, 3.752386608326521, 1.3597710269586996, 3.241975646277189, 1.436367162743776, 1.3126765334326824]",0.1330464431999288,0.1109771853500963,0.2358645232297496,0.3099505017680239,0.077133750883815,-1.4943903446880333,/home/sol856/jax-morph/results-natcompsci-2025/concentric-ring-my-own/trained_models_patterns_salt_pepper_sweep/wfrac_1/w12_0/ratio_1-1-8/ncells_40/visualizations/train-pattern-1-final.png,/home/sol856/jax-morph/results-natcompsci-2025/concentric-ring-my-own/trained_models_patterns_salt_pepper_sweep/wfrac_1/w12_0/ratio_1-1-8/ncells_40/visualizations/train-pattern-1-final-hide-type-3.png
wfrac_5/w12_0/ratio_1-1-4/ncells_60,train-pattern-2,-1.865394240634157,-1.4366740968043716,-1.816018269822572,"[18, 12, 30]","[0.17635981257100083, 0.17600792201056775, 0.6476322654184314]","[3.5449553956433677, 3.697101255015866, 0.8714871536595823, 3.2687704435163862, 0.9100640540842071, 1.049056182126176]",0.12972247661491937,0.14477827362871865,0.26715642803705825,0.1797453328495197,0.056561374354682524,-1.9460228662430523,/home/sol856/jax-morph/results-natcompsci-2025/concentric-ring-my-own/trained_models_patterns_salt_pepper_sweep/wfrac_5/w12_0/ratio_1-1-4/ncells_60/visualizations/train-pattern-2-final.png,/home/sol856/jax-morph/results-natcompsci-2025/concentric-ring-my-own/trained_models_patterns_salt_pepper_sweep/wfrac_5/w12_0/ratio_1-1-4/ncells_60/visualizations/train-pattern-2-final-hide-type-3.png
wfrac_5/w12_0/ratio_1-1-8/ncells_120,train-pattern-0,-1.860574137595917,-1.3825478708069217,-1.2119008136695448,"[14, 18, 88]","[0.040525433917602, 0.06784393092038235, 0.8916306351620157]","[2.4623656642034444, 1.0410549243492555, 2.753773058505373, 0.8469801280971476, 2.673126761268377, 1.7133844852295765]",0.0942291484638938,0.10452848881010401,0.14465948450448607,0.1202008112749384,0.055201519863647776,-1.80808386122831,/home/sol856/jax-morph/results-natcompsci-2025/concentric-ring-my-own/trained_models_patterns_salt_pepper_sweep/wfrac_5/w12_0/ratio_1-1-8/ncells_120/visualizations/train-pattern-0-final.png,/home/sol856/jax-morph/results-natcompsci-2025/concentric-ring-my-own/trained_models_patterns_salt_pepper_sweep/wfrac_5/w12_0/ratio_1-1-8/ncells_120/visualizations/train-pattern-0-final-hide-type-3.png
wfrac_1/w12_1/ratio_1-1-4/ncells_40,train-pattern-1,-1.8509685001063843,-1.2377975160700299,-1.6990170337461326,"[9, 5, 26]","[0.22343820858005536, 0.03245332577852795, 0.7441084656414166]","[3.7405193472580445, 3.6746782761580885, 1.0219891630557993, 0.9726752059208469, 2.277299296969961, 1.4325388117014963]",0.12953921338248808,0.10025133192862576,0.2196318353803939,0.40183301730955906,0.0830776057057815,-1.4818487214495544,/home/sol856/jax-morph/results-natcompsci-2025/concentric-ring-my-own/trained_models_patterns_salt_pepper_sweep/wfrac_1/w12_1/ratio_1-1-4/ncells_40/visualizations/train-pattern-1-final.png,/home/sol856/jax-morph/results-natcompsci-2025/concentric-ring-my-own/trained_models_patterns_salt_pepper_sweep/wfrac_1/w12_1/ratio_1-1-4/ncells_40/visualizations/train-pattern-1-final-hide-type-3.png
wfrac_1/w12_0/ratio_1-1-4/ncells_40,train-pattern-0,-1.8233266313967762,-1.685883490280705,-1.6067269973312617,"[5, 12, 23]","[0.01638989376058739, 0.2422869296501263, 0.7413231765892863]","[3.669496102553686, 3.548418091052554, 1.139985604135569, 3.6683732709899264, 0.8828011975931409, 0.9657832563921094]",0.11721273187888276,0.158616305773241,0.2753563223294134,0.3287370986588206,0.08262848480490836,-1.6940826353632736,/home/sol856/jax-morph/results-natcompsci-2025/concentric-ring-my-own/trained_models_patterns_salt_pepper_sweep/wfrac_1/w12_0/ratio_1-1-4/ncells_40/visualizations/train-pattern-0-final.png,/home/sol856/jax-morph/results-natcompsci-2025/concentric-ring-my-own/trained_models_patterns_salt_pepper_sweep/wfrac_1/w12_0/ratio_1-1-4/ncells_40/visualizations/train-pattern-0-final-hide-type-3.png
wfrac_1/w12_0/ratio_1-1-8/ncells_40,train-pattern-0,-1.814268508931289,-0.7643726850450463,-1.6981810856230328,"[5, 8, 27]","[0.031391097664488055, 0.16157742880356762, 0.8070314735319444]","[3.023532724393381, 3.7967715247512315, 1.4208567440514035, 3.6711262895854846, 1.1506152054169492, 1.3115884928277561]",0.11847679854698079,0.11444604119215998,0.25286354842099346,0.3697189496950741,0.0752202735949514,-1.573994272399457,/home/sol856/jax-morph/results-natcompsci-2025/concentric-ring-my-own/trained_models_patterns_salt_pepper_sweep/wfrac_1/w12_0/ratio_1-1-8/ncells_40/visualizations/train-pattern-0-final.png,/home/sol856/jax-morph/results-natcompsci-2025/concentric-ring-my-own/trained_models_patterns_salt_pepper_sweep/wfrac_1/w12_0/ratio_1-1-8/ncells_40/visualizations/train-pattern-0-final-hide-type-3.png
wfrac_0/w12_0/ratio_1-1-4/ncells_40,train-pattern-3,-1.8123583558563021,-1.0980824301560543,-1.6758282271490865,"[4, 10, 26]","[0.16042742248212735, 0.11045378987157084, 0.7291187876463019]","[3.3785733883714757, 3.5914236522004472, 0.8781455105051705, 3.522227927603862, 0.872511942934164, 0.8090409104040293]",0.1441661481160842,0.13435698857720366,0.2829319040606262,0.3093978169671263,0.07906992809663738,-1.7108104815723406,/home/sol856/jax-morph/results-natcompsci-2025/concentric-ring-my-own/trained_models_patterns_salt_pepper_sweep/wfrac_0/w12_0/ratio_1-1-4/ncells_40/visualizations/train-pattern-3-final.png,/home/sol856/jax-morph/results-natcompsci-2025/concentric-ring-my-own/trained_models_patterns_salt_pepper_sweep/wfrac_0/w12_0/ratio_1-1-4/ncells_40/visualizations/train-pattern-3-final-hide-type-3.png
wfrac_1/w12_0/ratio_1-1-8/ncells_40,train-pattern-2,-1.8109572900472666,-1.8109572900472666,-1.7295170242575386,"[7, 6, 27]","[0.10493362242884753, 0.06977762118020389, 0.8252887563909487]","[3.3865473023505146, 3.6018102597607333, 0.9717276468486691, 3.3083873257356817, 1.0037350840843973, 0.8692605316422163]",0.13455058042829585,0.11985457997306159,0.2741357190808375,0.4099721920790588,0.06404779666677901,-1.5962592341295168,/home/sol856/jax-morph/results-natcompsci-2025/concentric-ring-my-own/trained_models_patterns_salt_pepper_sweep/wfrac_1/w12_0/ratio_1-1-8/ncells_40/visualizations/train-pattern-2-final.png,/home/sol856/jax-morph/results-natcompsci-2025/concentric-ring-my-own/trained_models_patterns_salt_pepper_sweep/wfrac_1/w12_0/ratio_1-1-8/ncells_40/visualizations/train-pattern-2-final-hide-type-3.png
wfrac_5/w12_0/ratio_1-1-8/ncells_40,train-pattern-0,-1.804920794869975,-1.2935856235894159,-1.3217386094324175,"[5, 8, 27]","[0.07745595474555024, 0.10039420409949527, 0.8221498411549545]","[2.088931649442399, 3.7836311844408463, 1.3908070513680308, 0.804017600222641, 1.4690351781307103, 1.3059485756765197]",0.10453322957607922,0.12698124362458477,0.22112046383792283,0.3456430469905805,0.0879051441542856,-1.5135838472141148,/home/sol856/jax-morph/results-natcompsci-2025/concentric-ring-my-own/trained_models_patterns_salt_pepper_sweep/wfrac_5/w12_0/ratio_1-1-8/ncells_40/visualizations/train-pattern-0-final.png,/home/sol856/jax-morph/results-natcompsci-2025/concentric-ring-my-own/trained_models_patterns_salt_pepper_sweep/wfrac_5/w12_0/ratio_1-1-8/ncells_40/visualizations/train-pattern-0-final-hide-type-3.png
wfrac_5/w12_0/ratio_1-1-8/ncells_60,train-pattern-0,-1.8009190173144405,-1.3053074088231174,-1.5222546178884167,"[7, 11, 42]","[0.04686878927453045, 0.11854517950733115, 0.8345860312181383]","[3.306027588106426, 3.2243986670571942, 1.802778603960059, 3.270467816413383, 1.7291120784770784, 1.4088962846575421]",0.10382885980936996,0.09777618653427844,0.19413153286969217,0.33507789164450025,0.06856684524984838,-1.6655565978778273,/home/sol856/jax-morph/results-natcompsci-2025/concentric-ring-my-own/trained_models_patterns_salt_pepper_sweep/wfrac_5/w12_0/ratio_1-1-8/ncells_60/visualizations/train-pattern-0-final.png,/home/sol856/jax-morph/results-natcompsci-2025/concentric-ring-my-own/trained_models_patterns_salt_pepper_sweep/wfrac_5/w12_0/ratio_1-1-8/ncells_60/visualizations/train-pattern-0-final-hide-type-3.png
wfrac_0/w12_0/ratio_1-1-8/ncells_40,train-pattern-2,-1.7808618854340672,-0.7563601091764869,-1.7745339430895815,"[5, 10, 25]","[0.027996520698390506, 0.22733572774816962, 0.7446677515534399]","[3.0829653796931193, 3.685215574421771, 0.9498413644049039, 3.63888422766201, 0.8774112466289007, 0.8838838124990666]",0.12723665808931478,0.12193748033747939,0.2754212543856231,0.3287599510743983,0.057701976900816375,-1.5697647604021085,/home/sol856/jax-morph/results-natcompsci-2025/concentric-ring-my-own/trained_models_patterns_salt_pepper_sweep/wfrac_0/w12_0/ratio_1-1-8/ncells_40/visualizations/train-pattern-2-final.png,/home/sol856/jax-morph/results-natcompsci-2025/concentric-ring-my-own/trained_models_patterns_salt_pepper_sweep/wfrac_0/w12_0/ratio_1-1-8/ncells_40/visualizations/train-pattern-2-final-hide-type-3.png
wfrac_5/w12_0/ratio_1-1-4/ncells_40,train-pattern-4,-1.7685809524222813,-1.132451156578442,-1.388230733324146,"[9, 7, 24]","[0.14706153834667535, 0.1649881936785575, 0.6879502679747671]","[3.234031314232415, 3.725174311975076, 1.2652385634692958, 3.4451588947962986, 1.1810345555721207, 1.1090080960217072]",0.1425356235188249,0.12375562314671106,0.2549332536805061,0.29545588205150597,0.07058466558861508,-1.572395328763059,/home/sol856/jax-morph/results-natcompsci-2025/concentric-ring-my-own/trained_models_patterns_salt_pepper_sweep/wfrac_5/w12_0/ratio_1-1-4/ncells_40/visualizations/train-pattern-4-final.png,/home/sol856/jax-morph/results-natcompsci-2025/concentric-ring-my-own/trained_models_patterns_salt_pepper_sweep/wfrac_5/w12_0/ratio_1-1-4/ncells_40/visualizations/train-pattern-4-final-hide-type-3.png
wfrac_0/w12_0/ratio_1-1-8/ncells_40,train-pattern-0,-1.764571875787837,-0.9250824350556273,-1.1919635892402376,"[4, 4, 32]","[0.005765265887796578, 0.019923643236945947, 0.9743110908752576]","[3.099433443640569, 2.9436430345366604, 2.719866002328895, 3.643505780663423, 2.403056033667216, 1.6286286895298696]",0.09373857859257119,0.11281289406990615,0.1945980328579602,0.43093854754516087,0.1040443726130309,-1.4155423598984398,/home/sol856/jax-morph/results-natcompsci-2025/concentric-ring-my-own/trained_models_patterns_salt_pepper_sweep/wfrac_0/w12_0/ratio_1-1-8/ncells_40/visualizations/train-pattern-0-final.png,/home/sol856/jax-morph/results-natcompsci-2025/concentric-ring-my-own/trained_models_patterns_salt_pepper_sweep/wfrac_0/w12_0/ratio_1-1-8/ncells_40/visualizations/train-pattern-0-final-hide-type-3.png
wfrac_1/w12_0/ratio_1-1-8/ncells_40,train-pattern-3,-1.7637907673522104,-1.3666542877444232,-1.8593432124554186,"[4, 11, 25]","[0.07155500515383502, 0.1667402069981361, 0.7617047878480289]","[3.362074117031634, 3.660190649531872, 1.0112751630382166, 3.3357252267049695, 0.9193389316567586, 0.8919388738397352]",0.15602175349075637,0.13177674020782457,0.312138377855375,0.2934286605169435,0.06325941325565668,-1.6792037841431346,/home/sol856/jax-morph/results-natcompsci-2025/concentric-ring-my-own/trained_models_patterns_salt_pepper_sweep/wfrac_1/w12_0/ratio_1-1-8/ncells_40/visualizations/train-pattern-3-final.png,/home/sol856/jax-morph/results-natcompsci-2025/concentric-ring-my-own/trained_models_patterns_salt_pepper_sweep/wfrac_1/w12_0/ratio_1-1-8/ncells_40/visualizations/train-pattern-3-final-hide-type-3.png
wfrac_5/w12_0/ratio_1-1-8/ncells_40,train-pattern-1,-1.7586161417340214,-1.0655161070452928,-1.7249263667403292,"[8, 6, 26]","[0.09421501571618263, 0.12367128771338273, 0.7821136965704345]","[3.5121808726663497, 3.6005763759443, 1.0851401455641574, 3.569720801162802, 0.8124574938907406, 1.1477209608405434]",0.13011541612717117,0.14305554883025592,0.2882994919794077,0.22519648301802445,0.05660265640235266,-1.630243752922876,/home/sol856/jax-morph/results-natcompsci-2025/concentric-ring-my-own/trained_models_patterns_salt_pepper_sweep/wfrac_5/w12_0/ratio_1-1-8/ncells_40/visualizations/train-pattern-1-final.png,/home/sol856/jax-morph/results-natcompsci-2025/concentric-ring-my-own/trained_models_patterns_salt_pepper_sweep/wfrac_5/w12_0/ratio_1-1-8/ncells_40/visualizations/train-pattern-1-final-hide-type-3.png
wfrac_5/w12_0/ratio_1-1-8/ncells_40,train-pattern-4,-1.7532689330703664,-0.6805962175072395,-1.5227635418313068,"[7, 7, 26]","[0.11661989985430765, 0.10380597101560345, 0.7795741291300888]","[3.187578314558378, 3.195659645586634, 0.8175544813988138, 3.2696602046325838, 0.9439546658285727, 0.8448786582902519]",0.13479179985279738,0.14794825091159958,0.2797667089920145,0.31427144360985965,0.06923787891597148,-1.6217348384711032,/home/sol856/jax-morph/results-natcompsci-2025/concentric-ring-my-own/trained_models_patterns_salt_pepper_sweep/wfrac_5/w12_0/ratio_1-1-8/ncells_40/visualizations/train-pattern-4-final.png,/home/sol856/jax-morph/results-natcompsci-2025/concentric-ring-my-own/trained_models_patterns_salt_pepper_sweep/wfrac_5/w12_0/ratio_1-1-8/ncells_40/visualizations/train-pattern-4-final-hide-type-3.png
wfrac_1/w12_0/ratio_1-1-8/ncells_40,train-pattern-4,-1.7521061114001475,-1.0581640937564694,-1.910604875663111,"[9, 4, 27]","[0.18556823190939276, 0.02655784148315678, 0.7878739266074505]","[3.376535700324564, 2.8803467565396845, 0.8632751246351182, 3.7750677022796015, 1.1048488842535167, 1.0901909623500323]",0.12671280694806708,0.1356371942467733,0.2974774252811261,0.30830497276069097,0.06461686215248956,-1.6239474969527439,/home/sol856/jax-morph/results-natcompsci-2025/concentric-ring-my-own/trained_models_patterns_salt_pepper_sweep/wfrac_1/w12_0/ratio_1-1-8/ncells_40/visualizations/train-pattern-4-final.png,/home/sol856/jax-morph/results-natcompsci-2025/concentric-ring-my-own/trained_models_patterns_salt_pepper_sweep/wfrac_1/w12_0/ratio_1-1-8/ncells_40/visualizations/train-pattern-4-final-hide-type-3.png
wfrac_1/w12_0/ratio_1-1-4/ncells_60,train-pattern-0,-1.7397979124630123,-1.4835253840596518,-1.810031087132893,"[8, 20, 32]","[0.08059982749612461, 0.22265096218895317, 0.6967492103149222]","[3.494423945446628, 3.519054530802597, 1.2149003133401544, 3.5602512643232, 1.1485735595818114, 1.249417857977882]",0.11381796648454466,0.11842257778691524,0.24134691973930067,0.21175945860901071,0.04044398952999264,-1.7594113219844778,/home/sol856/jax-morph/results-natcompsci-2025/concentric-ring-my-own/trained_models_patterns_salt_pepper_sweep/wfrac_1/w12_0/ratio_1-1-4/ncells_60/visualizations/train-pattern-0-final.png,/home/sol856/jax-morph/results-natcompsci-2025/concentric-ring-my-own/trained_models_patterns_salt_pepper_sweep/wfrac_1/w12_0/ratio_1-1-4/ncells_60/visualizations/train-pattern-0-final-hide-type-3.png
wfrac_0/w12_0/ratio_1-1-4/ncells_40,train-pattern-1,-1.7259712535776195,-1.0743352147095142,-1.2906600884900536,"[5, 4, 31]","[0.041354890086448416, 0.024364496289452114, 0.9342806136240994]","[3.188079194157985, 3.7058278537184446, 0.9771922519452774, 3.194756717639594, 1.0403593345339144, 0.9396560180750727]",0.14538146285296388,0.12555471448856387,0.2538266568610704,0.17568835879357897,0.07765715328913977,-1.5394124465837664,/home/sol856/jax-morph/results-natcompsci-2025/concentric-ring-my-own/trained_models_patterns_salt_pepper_sweep/wfrac_0/w12_0/ratio_1-1-4/ncells_40/visualizations/train-pattern-1-final.png,/home/sol856/jax-morph/results-natcompsci-2025/concentric-ring-my-own/trained_models_patterns_salt_pepper_sweep/wfrac_0/w12_0/ratio_1-1-4/ncells_40/visualizations/train-pattern-1-final-hide-type-3.png
wfrac_5/w12_0/ratio_1-1-4/ncells_60,train-pattern-1,-1.7107285859163557,-1.1473975053735366,-1.534438447279442,"[10, 14, 36]","[0.08063853187295361, 0.22355516647620985, 0.6958063016508366]","[2.9961875533290367, 3.5365263310454766, 1.6166365041360065, 3.7737530377283877, 1.0103879331090655, 1.1779844987059318]",0.10931576830173347,0.11849977402015205,0.20927828538203755,0.2490603790205681,0.062383290523426935,-1.7821943072013486,/home/sol856/jax-morph/results-natcompsci-2025/concentric-ring-my-own/trained_models_patterns_salt_pepper_sweep/wfrac_5/w12_0/ratio_1-1-4/ncells_60/visualizations/train-pattern-1-final.png,/home/sol856/jax-morph/results-natcompsci-2025/concentric-ring-my-own/trained_models_patterns_salt_pepper_sweep/wfrac_5/w12_0/ratio_1-1-4/ncells_60/visualizations/train-pattern-1-final-hide-type-3.png
wfrac_0/w12_0/ratio_1-1-4/ncells_60,train-pattern-2,-1.700700016880378,-0.9045709777237055,-1.4865227729989248,"[7, 6, 47]","[0.018765456565773296, 0.026524599015579298, 0.9547099444186475]","[1.4739383648459992, 3.1456295949214503, 1.0873062662428787, 2.7788782769831917, 1.148927548153257, 0.9375662181605012]",0.1172989973520959,0.10410040567378599,0.20977148746370755,0.34008818054620915,0.06824209587072003,-1.6710440244913882,/home/sol856/jax-morph/results-natcompsci-2025/concentric-ring-my-own/trained_models_patterns_salt_pepper_sweep/wfrac_0/w12_0/ratio_1-1-4/ncells_60/visualizations/train-pattern-2-final.png,/home/sol856/jax-morph/results-natcompsci-2025/concentric-ring-my-own/trained_models_patterns_salt_pepper_sweep/wfrac_0/w12_0/ratio_1-1-4/ncells_60/visualizations/train-pattern-2-final-hide-type-3.png
wfrac_5/w12_0/ratio_1-1-8/ncells_60,train-pattern-3,-1.697360283675296,-1.5088453094695689,-1.6963514629996779,"[6, 12, 42]","[0.10636521992834887, 0.1025837893459706, 0.7910509907256805]","[3.749404660743802, 3.797948912092332, 1.3850798683894157, 3.1474260183634213, 1.4332603827176156, 1.3418394604451946]",0.10049863052569223,0.10766328788622731,0.21534678414446337,0.2894120053486194,0.06449152430714375,-1.6889943299813837,/home/sol856/jax-morph/results-natcompsci-2025/concentric-ring-my-own/trained_models_patterns_salt_pepper_sweep/wfrac_5/w12_0/ratio_1-1-8/ncells_60/visualizations/train-pattern-3-final.png,/home/sol856/jax-morph/results-natcompsci-2025/concentric-ring-my-own/trained_models_patterns_salt_pepper_sweep/wfrac_5/w12_0/ratio_1-1-8/ncells_60/visualizations/train-pattern-3-final-hide-type-3.png
wfrac_1/w12_0/ratio_1-1-8/ncells_60,train-pattern-4,-1.6913665827978723,-0.8850672971825854,-1.254293218762713,"[6, 6, 48]","[0.006964593072222548, 0.01619345053049336, 0.9768419563972841]","[3.40827594922764, 1.0645632971862296, 2.4534703483197804, 3.759410344707348, 2.112458304523897, 1.4950975416245853]",0.0968694089925082,0.0960376766335405,0.17324910561338264,0.32597730967975996,0.0840006557711807,-1.5348736746605542,/home/sol856/jax-morph/results-natcompsci-2025/concentric-ring-my-own/trained_models_patterns_salt_pepper_sweep/wfrac_1/w12_0/ratio_1-1-8/ncells_60/visualizations/train-pattern-4-final.png,/home/sol856/jax-morph/results-natcompsci-2025/concentric-ring-my-own/trained_models_patterns_salt_pepper_sweep/wfrac_1/w12_0/ratio_1-1-8/ncells_60/visualizations/train-pattern-4-final-hide-type-3.png
wfrac_0/w12_0/ratio_1-1-8/ncells_60,train-pattern-0,-1.6798745842215645,-1.4437426310224304,-1.7034813662237986,"[6, 6, 48]","[0.005836102945626083, 0.006541651665517907, 0.987622245388856]","[3.156767600742848, 3.418964189058901, 1.1260439376818683, 2.6747780694180845, 1.1563657501325721, 1.0048546677895454]",0.10108199770611019,0.10071894817121843,0.21185384654534378,0.46212931235447774,0.0683075095558438,-1.671259869099491,/home/sol856/jax-morph/results-natcompsci-2025/concentric-ring-my-own/trained_models_patterns_salt_pepper_sweep/wfrac_0/w12_0/ratio_1-1-8/ncells_60/visualizations/train-pattern-0-final.png,/home/sol856/jax-morph/results-natcompsci-2025/concentric-ring-my-own/trained_models_patterns_salt_pepper_sweep/wfrac_0/w12_0/ratio_1-1-8/ncells_60/visualizations/train-pattern-0-final-hide-type-3.png
wfrac_5/w12_0/ratio_1-1-4/ncells_60,train-pattern-3,-1.6766662238059131,-1.4705616775518862,-1.787013813371501,"[10, 13, 37]","[0.1952561424386114, 0.12430229694299108, 0.6804415606183976]","[3.5307702321320678, 3.5540572251124, 0.8704486268415713, 3.445708729842405, 1.7105112875938397, 1.3243726608286823]",0.10454085081225367,0.10651647590265159,0.2225492351010606,0.28528225665293044,0.05758324490810459,-1.7296779744180522,/home/sol856/jax-morph/results-natcompsci-2025/concentric-ring-my-own/trained_models_patterns_salt_pepper_sweep/wfrac_5/w12_0/ratio_1-1-4/ncells_60/visualizations/train-pattern-3-final.png,/home/sol856/jax-morph/results-natcompsci-2025/concentric-ring-my-own/trained_models_patterns_salt_pepper_sweep/wfrac_5/w12_0/ratio_1-1-4/ncells_60/visualizations/train-pattern-3-final-hide-type-3.png
wfrac_0/w12_0/ratio_1-1-4/ncells_40,train-pattern-0,-1.6715618593612076,-1.2587015215609665,-1.4372334154470983,"[5, 5, 30]","[0.015997606175105657, 0.04827791564386755, 0.9357244781810268]","[2.9376711933871533, 3.676478756557146, 1.0918283084349776, 3.46558903614282, 1.0104533154416298, 0.9658881656859079]",0.12788769252101914,0.09766074985332379,0.23113449178324386,0.4369855434023781,0.08184086389445626,-1.4632137852525453,/home/sol856/jax-morph/results-natcompsci-2025/concentric-ring-my-own/trained_models_patterns_salt_pepper_sweep/wfrac_0/w12_0/ratio_1-1-4/ncells_40/visualizations/train-pattern-0-final.png,/home/sol856/jax-morph/results-natcompsci-2025/concentric-ring-my-own/trained_models_patterns_salt_pepper_sweep/wfrac_0/w12_0/ratio_1-1-4/ncells_40/visualizations/train-pattern-0-final-hide-type-3.png
wfrac_0/w12_0/ratio_1-1-4/ncells_60,train-pattern-1,-1.661128861356265,-0.926574996069641,-1.2607796713933461,"[6, 6, 48]","[0.008898392817623708, 0.0097569087480432, 0.981344698434333]","[0.9583655739205363, 3.326645785290335, 2.6621573707699966, 3.766119656592526, 2.406249861387221, 1.727846272160962]",0.1046296372711039,0.09076717371988333,0.17314775662810117,0.31071182312501017,0.08030753952741462,-1.5635777545496212,/home/sol856/jax-morph/results-natcompsci-2025/concentric-ring-my-own/trained_models_patterns_salt_pepper_sweep/wfrac_0/w12_0/ratio_1-1-4/ncells_60/visualizations/train-pattern-1-final.png,/home/sol856/jax-morph/results-natcompsci-2025/concentric-ring-my-own/trained_models_patterns_salt_pepper_sweep/wfrac_0/w12_0/ratio_1-1-4/ncells_60/visualizations/train-pattern-1-final-hide-type-3.png
wfrac_1/w12_0/ratio_1-1-4/ncells_40,train-pattern-1,-1.6590934313052856,-0.9661120870213477,-1.401050187863885,"[4, 5, 31]","[0.036779160663625236, 0.05568319627647475, 0.9075376430599]","[3.254620230360163, 3.795793188494363, 1.5968990896421669, 3.5102648256609488, 1.5709201140179985, 1.3455899375594833]",0.1289433984557817,0.11231420481373533,0.24100007754909122,0.3513401338495898,0.08071266612718442,-1.4843381111953278,/home/sol856/jax-morph/results-natcompsci-2025/concentric-ring-my-own/trained_models_patterns_salt_pepper_sweep/wfrac_1/w12_0/ratio_1-1-4/ncells_40/visualizations/train-pattern-1-final.png,/home/sol856/jax-morph/results-natcompsci-2025/concentric-ring-my-own/trained_models_patterns_salt_pepper_sweep/wfrac_1/w12_0/ratio_1-1-4/ncells_40/visualizations/train-pattern-1-final-hide-type-3.png
wfrac_5/w12_0/ratio_1-1-4/ncells_40,train-pattern-0,-1.6562410505288605,-1.0136348132943802,-1.6001000573732205,"[9, 8, 23]","[0.16767655066887452, 0.1517606916964081, 0.6805627576347173]","[3.2251406375073275, 3.580096992675413, 1.0202678012403608, 3.711170633458038, 1.2054420706952829, 1.0004846399122829]",0.14136916247006856,0.12509561047667989,0.2749181969462672,0.2833128741934223,0.06036849683535724,-1.5759343142133901,/home/sol856/jax-morph/results-natcompsci-2025/concentric-ring-my-own/trained_models_patterns_salt_pepper_sweep/wfrac_5/w12_0/ratio_1-1-4/ncells_40/visualizations/train-pattern-0-final.png,/home/sol856/jax-morph/results-natcompsci-2025/concentric-ring-my-own/trained_models_patterns_salt_pepper_sweep/wfrac_5/w12_0/ratio_1-1-4/ncells_40/visualizations/train-pattern-0-final-hide-type-3.png
wfrac_1/w12_0/ratio_1-1-4/ncells_60,train-pattern-1,-1.6453411969028946,-1.2444992607512544,-1.3422556593823225,"[6, 14, 40]","[0.024641234719542802, 0.23167694701713532, 0.7436818182633219]","[3.664444245985047, 0.8118525677693813, 2.01573982608737, 3.7794122903344736, 1.0638479773535123, 1.4369985940816639]",0.08793988298056363,0.11476283123092962,0.18048874255795397,0.32756290305947156,0.07911492879606905,-1.6435103047137845,/home/sol856/jax-morph/results-natcompsci-2025/concentric-ring-my-own/trained_models_patterns_salt_pepper_sweep/wfrac_1/w12_0/ratio_1-1-4/ncells_60/visualizations/train-pattern-1-final.png,/home/sol856/jax-morph/results-natcompsci-2025/concentric-ring-my-own/trained_models_patterns_salt_pepper_sweep/wfrac_1/w12_0/ratio_1-1-4/ncells_60/visualizations/train-pattern-1-final-hide-type-3.png
wfrac_5/w12_0/ratio_1-1-4/ncells_40,train-pattern-3,-1.6446567540118497,-1.597052460746831,-1.5327346446904209,"[4, 11, 25]","[0.10455590864574267, 0.20652611988148872, 0.6889179714727686]","[3.4207975640788417, 3.4478932424153808, 1.4163874128850233, 3.2487336686784936, 0.967528771428513, 1.018622832562007]",0.12368921826381885,0.1385129994816463,0.2621323075871553,0.3306301995838789,0.06288422228204137,-1.5963179685555609,/home/sol856/jax-morph/results-natcompsci-2025/concentric-ring-my-own/trained_models_patterns_salt_pepper_sweep/wfrac_5/w12_0/ratio_1-1-4/ncells_40/visualizations/train-pattern-3-final.png,/home/sol856/jax-morph/results-natcompsci-2025/concentric-ring-my-own/trained_models_patterns_salt_pepper_sweep/wfrac_5/w12_0/ratio_1-1-4/ncells_40/visualizations/train-pattern-3-final-hide-type-3.png
wfrac_0/w12_0/ratio_1-1-8/ncells_40,train-pattern-1,-1.6388173119523273,-1.4192603987671426,-1.09110291414812,"[6, 6, 28]","[0.07017821298801467, 0.07425054639680148, 0.855571240615184]","[3.169023412166128, 3.6169313481893877, 1.0433168283495982, 3.197670642906318, 1.013840258897043, 1.1008254718058814]",0.12871913077948655,0.11886537389503447,0.21911598979399238,0.2193091448502576,0.07326015090923384,-1.4490482138626402,/home/sol856/jax-morph/results-natcompsci-2025/concentric-ring-my-own/trained_models_patterns_salt_pepper_sweep/wfrac_0/w12_0/ratio_1-1-8/ncells_40/visualizations/train-pattern-1-final.png,/home/sol856/jax-morph/results-natcompsci-2025/concentric-ring-my-own/trained_models_patterns_salt_pepper_sweep/wfrac_0/w12_0/ratio_1-1-8/ncells_40/visualizations/train-pattern-1-final-hide-type-3.png
wfrac_0/w12_0/ratio_1-1-8/ncells_60,train-pattern-2,-1.6244048582374273,-1.2042415726356888,-1.623704689160869,"[6, 6, 48]","[0.004473236735694777, 0.011802216890538219, 0.983724546373767]","[2.695089524042274, 3.7439698028500326, 1.4042238595289196, 3.739064715900567, 1.401280846206356, 1.3148319945217426]",0.10444943915162103,0.1103328350506346,0.21370697922934254,0.39033435856232696,0.06740690222000609,-1.7018645411100062,/home/sol856/jax-morph/results-natcompsci-2025/concentric-ring-my-own/trained_models_patterns_salt_pepper_sweep/wfrac_0/w12_0/ratio_1-1-8/ncells_60/visualizations/train-pattern-2-final.png,/home/sol856/jax-morph/results-natcompsci-2025/concentric-ring-my-own/trained_models_patterns_salt_pepper_sweep/wfrac_0/w12_0/ratio_1-1-8/ncells_60/visualizations/train-pattern-2-final-hide-type-3.png
wfrac_1/w12_0/ratio_1-1-8/ncells_60,train-pattern-0,-1.5945055521431084,-1.1976703526366852,-1.1298810776872144,"[15, 7, 38]","[0.1699263195691837, 0.023996627597216207, 0.8060770528336]","[3.750948787470847, 3.482453549431386, 0.8602678007897583, 3.3274920580175786, 3.0133380752181154, 1.5190853164159612]",0.14643786002235132,0.09956321327656838,0.1968552316165884,0.17242802328452972,0.07392906161488207,-1.695268556125409,/home/sol856/jax-morph/results-natcompsci-2025/concentric-ring-my-own/trained_models_patterns_salt_pepper_sweep/wfrac_1/w12_0/ratio_1-1-8/ncells_60/visualizations/train-pattern-0-final.png,/home/sol856/jax-morph/results-natcompsci-2025/concentric-ring-my-own/trained_models_patterns_salt_pepper_sweep/wfrac_1/w12_0/ratio_1-1-8/ncells_60/visualizations/train-pattern-0-final-hide-type-3.png
wfrac_1/w12_1/ratio_1-1-4/ncells_60,train-pattern-0,-1.5703552581936098,-0.6077050192017449,-0.541358778404242,"[17, 10, 33]","[0.20850903121552306, 0.07375627624316466, 0.7177346925413123]","[2.9922192660669182, 3.7674940772758436, 1.7832692830474492, 1.283894575581817, 3.5198623276505723, 2.3368142665628033]",0.13412431586473303,0.1076186157916477,0.14305726924937134,0.13679107220008863,0.10056494824687377,-1.491989278521121,/home/sol856/jax-morph/results-natcompsci-2025/concentric-ring-my-own/trained_models_patterns_salt_pepper_sweep/wfrac_1/w12_1/ratio_1-1-4/ncells_60/visualizations/train-pattern-0-final.png,/home/sol856/jax-morph/results-natcompsci-2025/concentric-ring-my-own/trained_models_patterns_salt_pepper_sweep/wfrac_1/w12_1/ratio_1-1-4/ncells_60/visualizations/train-pattern-0-final-hide-type-3.png
wfrac_1/w12_0/ratio_1-1-4/ncells_40,train-pattern-4,-1.5545081904028786,-1.2226106090534485,-1.2411410196514232,"[7, 5, 28]","[0.09648285606028634, 0.05522898644243946, 0.8482881574972743]","[3.191520205656871, 3.4311548594069547, 0.9335848216083998, 3.145542777115173, 0.9906297749516074, 0.9062246707893724]",0.11827211679414588,0.1282523329164764,0.2294056803415453,0.2366888480166145,0.07816021404531878,-1.4904889273875122,/home/sol856/jax-morph/results-natcompsci-2025/concentric-ring-my-own/trained_models_patterns_salt_pepper_sweep/wfrac_1/w12_0/ratio_1-1-4/ncells_40/visualizations/train-pattern-4-final.png,/home/sol856/jax-morph/results-natcompsci-2025/concentric-ring-my-own/trained_models_patterns_salt_pepper_sweep/wfrac_1/w12_0/ratio_1-1-4/ncells_40/visualizations/train-pattern-4-final-hide-type-3.png
wfrac_5/w12_0/ratio_1-1-4/ncells_40,train-pattern-1,-1.5412699498408122,-1.249536557862004,-1.5657064401958365,"[8, 9, 23]","[0.12245424785021428, 0.20067221129184365, 0.676873540857942]","[3.550242142682958, 3.427061871404571, 1.296466292614057, 3.3558876825037096, 0.9322049532604979, 1.2464873495712054]",0.14063127896519778,0.14439338022183085,0.28606600252929926,0.2875177237044581,0.06988445358483295,-1.625177460357963,/home/sol856/jax-morph/results-natcompsci-2025/concentric-ring-my-own/trained_models_patterns_salt_pepper_sweep/wfrac_5/w12_0/ratio_1-1-4/ncells_40/visualizations/train-pattern-1-final.png,/home/sol856/jax-morph/results-natcompsci-2025/concentric-ring-my-own/trained_models_patterns_salt_pepper_sweep/wfrac_5/w12_0/ratio_1-1-4/ncells_40/visualizations/train-pattern-1-final-hide-type-3.png
wfrac_5/w12_1/ratio_1-1-8/ncells_60,train-pattern-0,-1.530051603219653,-0.7086235173581477,-0.2780620896128705,"[7, 14, 39]","[0.05581600407285397, 0.1502156802920437, 0.7939683156351024]","[3.2017434371878126, 3.7957371661544874, 3.3269773055006384, 3.725633861090171, 0.8221843028413073, 3.1351967470463986]",0.11150835703593551,0.1537876038493356,0.1425522708052269,0.15673896263607687,0.11843694605321375,-1.4671969738304493,/home/sol856/jax-morph/results-natcompsci-2025/concentric-ring-my-own/trained_models_patterns_salt_pepper_sweep/wfrac_5/w12_1/ratio_1-1-8/ncells_60/visualizations/train-pattern-0-final.png,/home/sol856/jax-morph/results-natcompsci-2025/concentric-ring-my-own/trained_models_patterns_salt_pepper_sweep/wfrac_5/w12_1/ratio_1-1-8/ncells_60/visualizations/train-pattern-0-final-hide-type-3.png
wfrac_0/w12_0/ratio_1-1-4/ncells_40,train-pattern-2,-1.4979728682756126,-0.9898257647909432,-1.4622111055814049,"[6, 4, 30]","[0.03661277813988036, 0.030076586935149908, 0.9333106349249697]","[3.7983976087442777, 3.6751836652821384, 1.1822492290595228, 3.3541193867888452, 1.1762709406214473, 1.1891572240120145]",0.11893401465446238,0.11564729877937202,0.23626872027731813,0.49787139999878566,0.08175599883088824,-1.527093035977456,/home/sol856/jax-morph/results-natcompsci-2025/concentric-ring-my-own/trained_models_patterns_salt_pepper_sweep/wfrac_0/w12_0/ratio_1-1-4/ncells_40/visualizations/train-pattern-2-final.png,/home/sol856/jax-morph/results-natcompsci-2025/concentric-ring-my-own/trained_models_patterns_salt_pepper_sweep/wfrac_0/w12_0/ratio_1-1-4/ncells_40/visualizations/train-pattern-2-final-hide-type-3.png
wfrac_0/w12_0/ratio_1-1-4/ncells_60,train-pattern-3,-1.4871004356971984,-1.3369497084144868,-1.173521689775909,"[6, 6, 48]","[0.008575444094636729, 0.007157943494555456, 0.9842666124108078]","[0.8451610893389494, 3.519482773785467, 2.6947490288728773, 1.2707884610485625, 2.7975227820122286, 1.8508633106868058]",0.10720545685332049,0.088418194398472,0.16758476473178244,0.3624924904999146,0.08892869318339246,-1.542839248159402,/home/sol856/jax-morph/results-natcompsci-2025/concentric-ring-my-own/trained_models_patterns_salt_pepper_sweep/wfrac_0/w12_0/ratio_1-1-4/ncells_60/visualizations/train-pattern-3-final.png,/home/sol856/jax-morph/results-natcompsci-2025/concentric-ring-my-own/trained_models_patterns_salt_pepper_sweep/wfrac_0/w12_0/ratio_1-1-4/ncells_60/visualizations/train-pattern-3-final-hide-type-3.png
wfrac_0/w12_0/ratio_1-1-8/ncells_40,train-pattern-4,-1.4503391237226706,-1.0800760940358864,-1.1609057714083617,"[4, 4, 32]","[0.05173123761084566, 0.029200546256582426, 0.919068216132572]","[3.1989775801672993, 3.7557931980433255, 1.1204490130000382, 1.6206428344677213, 1.2685252035977932, 1.1991463994129532]",0.11649296821984903,0.1053384112091193,0.20627578960147663,0.26767020288209753,0.0914721857624847,-1.4079338554457634,/home/sol856/jax-morph/results-natcompsci-2025/concentric-ring-my-own/trained_models_patterns_salt_pepper_sweep/wfrac_0/w12_0/ratio_1-1-8/ncells_40/visualizations/train-pattern-4-final.png,/home/sol856/jax-morph/results-natcompsci-2025/concentric-ring-my-own/trained_models_patterns_salt_pepper_sweep/wfrac_0/w12_0/ratio_1-1-8/ncells_40/visualizations/train-pattern-4-final-hide-type-3.png
wfrac_5/w12_0/ratio_1-1-8/ncells_40,train-pattern-3,-1.399212680420483,-0.8865407926946691,-1.5405485481753851,"[4, 10, 26]","[0.02869267976042986, 0.15700599172257182, 0.8143013285169982]","[3.5316577732617054, 3.19805694087679, 1.7999434845349647, 3.6646799102930236, 0.9357629898819506, 1.2852928045896979]",0.11942133940634539,0.1340364393615396,0.24966212030384208,0.32459765630326914,0.08429790021629861,-1.6628030330321129,/home/sol856/jax-morph/results-natcompsci-2025/concentric-ring-my-own/trained_models_patterns_salt_pepper_sweep/wfrac_5/w12_0/ratio_1-1-8/ncells_40/visualizations/train-pattern-3-final.png,/home/sol856/jax-morph/results-natcompsci-2025/concentric-ring-my-own/trained_models_patterns_salt_pepper_sweep/wfrac_5/w12_0/ratio_1-1-8/ncells_40/visualizations/train-pattern-3-final-hide-type-3.png
wfrac_0/w12_0/ratio_1-1-4/ncells_40,train-pattern-4,-1.3435442773549646,-0.8501730453812357,-1.0034601915614725,"[4, 4, 32]","[0.00687823153558252, 0.005760501727825133, 0.9873612667365923]","[3.6140130484741775, 0.800889329951983, 3.0443012990853147, 3.4795216223460015, 3.2580814828884206, 1.7961438741612339]",0.0927175132184639,0.09267169897518915,0.16244071086405618,0.7584317345901946,0.13072327346324722,-1.3636684783206885,/home/sol856/jax-morph/results-natcompsci-2025/concentric-ring-my-own/trained_models_patterns_salt_pepper_sweep/wfrac_0/w12_0/ratio_1-1-4/ncells_40/visualizations/train-pattern-4-final.png,/home/sol856/jax-morph/results-natcompsci-2025/concentric-ring-my-own/trained_models_patterns_salt_pepper_sweep/wfrac_0/w12_0/ratio_1-1-4/ncells_40/visualizations/train-pattern-4-final-hide-type-3.png
wfrac_5/w12_1/ratio_1-1-8/ncells_60,train-pattern-3,-1.2576830502805179,-0.520821940059673,-0.25900898649052345,"[6, 12, 42]","[0.10609274900078017, 0.10452639105626854, 0.7893808599429513]","[1.8334236739734473, 3.7956765363797853, 3.01582710053403, 1.1685603118967385, 2.928920077615171, 3.675892435402522]",0.1300339260391829,0.14022298454319804,0.15043610607513141,0.10577725844111263,0.10921896895523502,-1.4606587420771413,/home/sol856/jax-morph/results-natcompsci-2025/concentric-ring-my-own/trained_models_patterns_salt_pepper_sweep/wfrac_5/w12_1/ratio_1-1-8/ncells_60/visualizations/train-pattern-3-final.png,/home/sol856/jax-morph/results-natcompsci-2025/concentric-ring-my-own/trained_models_patterns_salt_pepper_sweep/wfrac_5/w12_1/ratio_1-1-8/ncells_60/visualizations/train-pattern-3-final-hide-type-3.png
wfrac_1/w12_0/ratio_1-1-8/ncells_60,train-pattern-2,-1.2510985802951073,0.5385504696437261,0.20687950948618006,"[15, 6, 39]","[0.154174025126111, 0.028339664710674638, 0.8174863101632145]","[3.7535323975731574, 3.432636211012209, 2.6196171438130413, 0.8111976188571903, 3.4312020481572985, 3.4295139191981]",0.13324764510603776,0.17288750194718516,0.1490445344808162,0.0799171606463583,0.10650057407975345,-1.4705271903176407,/home/sol856/jax-morph/results-natcompsci-2025/concentric-ring-my-own/trained_models_patterns_salt_pepper_sweep/wfrac_1/w12_0/ratio_1-1-8/ncells_60/visualizations/train-pattern-2-final.png,/home/sol856/jax-morph/results-natcompsci-2025/concentric-ring-my-own/trained_models_patterns_salt_pepper_sweep/wfrac_1/w12_0/ratio_1-1-8/ncells_60/visualizations/train-pattern-2-final-hide-type-3.png
wfrac_0/w12_0/ratio_1-1-8/ncells_60,train-pattern-3,-1.184094842025826,-0.5144825138616671,-0.8708574525474901,"[6, 11, 43]","[0.018892665350285148, 0.23684272225933636, 0.7442646123903784]","[3.3855875034768177, 3.5799314523458206, 3.3264975055295656, 3.6128344257468514, 0.9094770550805319, 2.5200458606378993]",0.09674036002843206,0.11176286856633035,0.15430044213213032,0.198677854596278,0.0956840055693468,-1.5085693227431578,/home/sol856/jax-morph/results-natcompsci-2025/concentric-ring-my-own/trained_models_patterns_salt_pepper_sweep/wfrac_0/w12_0/ratio_1-1-8/ncells_60/visualizations/train-pattern-3-final.png,/home/sol856/jax-morph/results-natcompsci-2025/concentric-ring-my-own/trained_models_patterns_salt_pepper_sweep/wfrac_0/w12_0/ratio_1-1-8/ncells_60/visualizations/train-pattern-3-final-hide-type-3.png
wfrac_1/w12_0/ratio_1-1-8/ncells_60,train-pattern-1,-0.9800619798976213,-0.08010596467605342,-0.4919052480907882,"[10, 11, 39]","[0.08759409259433944, 0.17182172799057907, 0.7405841794150815]","[2.775272470763528, 3.7935381588815904, 3.063072497310973, 3.7670680757076633, 2.3566883651482007, 2.9108748737929373]",0.11538190973297593,0.1260434145020302,0.15303858113191113,0.1298231946755938,0.09406132294015074,-1.4698340020618887,/home/sol856/jax-morph/results-natcompsci-2025/concentric-ring-my-own/trained_models_patterns_salt_pepper_sweep/wfrac_1/w12_0/ratio_1-1-8/ncells_60/visualizations/train-pattern-1-final.png,/home/sol856/jax-morph/results-natcompsci-2025/concentric-ring-my-own/trained_models_patterns_salt_pepper_sweep/wfrac_1/w12_0/ratio_1-1-8/ncells_60/visualizations/train-pattern-1-final-hide-type-3.png
wfrac_0/w12_1/ratio_1-1-4/ncells_60,train-pattern-2,-0.9086495955335766,-0.4450828970628976,-0.07890862900893429,"[16, 29, 15]","[0.16400539344081644, 0.5992876704348467, 0.23670693612433688]","[3.7843700598388006, 3.363130343995331, 3.547442780295764, 3.4981498703321465, 2.124449607728025, 3.3076967753581137]",0.13514057172964822,0.15493074800165732,0.1516852451991926,0.12189775090285015,0.0748835017291299,-1.4157551251563434,/home/sol856/jax-morph/results-natcompsci-2025/concentric-ring-my-own/trained_models_patterns_salt_pepper_sweep/wfrac_0/w12_1/ratio_1-1-4/ncells_60/visualizations/train-pattern-2-final.png,/home/sol856/jax-morph/results-natcompsci-2025/concentric-ring-my-own/trained_models_patterns_salt_pepper_sweep/wfrac_0/w12_1/ratio_1-1-4/ncells_60/visualizations/train-pattern-2-final-hide-type-3.png
wfrac_1/w12_0/ratio_1-1-8/ncells_60,train-pattern-3,-0.6112464273863363,-0.4925103875784844,-0.265234385827582,"[6, 14, 40]","[0.06561857670998834, 0.20827620777479358, 0.726105215515218]","[2.6690707933560893, 3.578579461486501, 3.585953788764458, 2.8467260161182955, 1.104898043456906, 3.5218818812973733]",0.10738257497498645,0.16631401357442083,0.1585785628829451,0.15118006829693492,0.10749990311083729,-1.5239145456030407,/home/sol856/jax-morph/results-natcompsci-2025/concentric-ring-my-own/trained_models_patterns_salt_pepper_sweep/wfrac_1/w12_0/ratio_1-1-8/ncells_60/visualizations/train-pattern-3-final.png,/home/sol856/jax-morph/results-natcompsci-2025/concentric-ring-my-own/trained_models_patterns_salt_pepper_sweep/wfrac_1/w12_0/ratio_1-1-8/ncells_60/visualizations/train-pattern-3-final-hide-type-3.png
