combo,run,best_train_loss,final_train_loss,visual_loss,visual_counts,trained_type_fractions,trained_j,m1,m2,m3,f12,f33,shell_distance,full_image,hidden_image
wfrac_5/w12_1/ratio_1-1-8/ncells_120,train-pattern-3,-6.522280305187009,-1.6278388257580056,25266.47979013267,"[10, 11, 99]","[0.10000000000000003, 0.10000000000000003, 0.8]","[3.369800473985719, 2.8699426500958687, 2.460641977120509, 3.2560295469217886, 3.6423192940188667, 3.442448894400627]",0.12409345630645228,0.12553535131929242,0.15402679793070187,0.02406106422375123,0.06041774436073583,-1.8495513072518495,/home/sol856/jax-morph/results-natcompsci-2025/concentric-ring-my-own/trained_models_patterns_salt_pepper_sweep/wfrac_5/w12_1/ratio_1-1-8/ncells_120/visualizations_regenerated_sp/train-pattern-3-final.png,/home/sol856/jax-morph/results-natcompsci-2025/concentric-ring-my-own/trained_models_patterns_salt_pepper_sweep/wfrac_5/w12_1/ratio_1-1-8/ncells_120/visualizations_regenerated_sp/train-pattern-3-final-hide-type-3.png
wfrac_5/w12_0/ratio_1-1-8/ncells_120,train-pattern-1,-4.466489593139459,-1.4666475277147863,17338.492099829145,"[15, 21, 84]","[0.0997399243602917, 0.09970681675243852, 0.8005532588872698]","[1.9313404309315376, 2.327293696795671, 1.8240798234399034, 1.3545873169336362, 2.842459171932732, 3.2977799804179817]",0.16847860970174966,0.1296393129682087,0.11945794072898785,0.03279190420942162,0.07665649709280045,-1.6705056275024814,/home/sol856/jax-morph/results-natcompsci-2025/concentric-ring-my-own/trained_models_patterns_salt_pepper_sweep/wfrac_5/w12_0/ratio_1-1-8/ncells_120/visualizations_regenerated_sp/train-pattern-1-final.png,/home/sol856/jax-morph/results-natcompsci-2025/concentric-ring-my-own/trained_models_patterns_salt_pepper_sweep/wfrac_5/w12_0/ratio_1-1-8/ncells_120/visualizations_regenerated_sp/train-pattern-1-final-hide-type-3.png
wfrac_5/w12_0/ratio_1-1-4/ncells_120,train-pattern-0,-4.280925301871642,-0.28952921184716623,19011.458811383833,"[15, 16, 89]","[0.07651810136350712, 0.0765207166205941, 0.8469611820158987]","[1.131428105305646, 1.738796808563463, 2.2675299869143464, 2.3314836380815303, 1.7147269819532152, 3.5953136562246355]",0.18689850728845048,0.20039824148978921,0.12044536554311813,0.03532975234019289,0.08271696837330836,-1.607377497351632,/home/sol856/jax-morph/results-natcompsci-2025/concentric-ring-my-own/trained_models_patterns_salt_pepper_sweep/wfrac_5/w12_0/ratio_1-1-4/ncells_120/visualizations_regenerated_sp/train-pattern-0-final.png,/home/sol856/jax-morph/results-natcompsci-2025/concentric-ring-my-own/trained_models_patterns_salt_pepper_sweep/wfrac_5/w12_0/ratio_1-1-4/ncells_120/visualizations_regenerated_sp/train-pattern-0-final-hide-type-3.png
wfrac_5/w12_1/ratio_1-1-8/ncells_120,train-pattern-4,-4.0649743916136964,-0.18590471098374642,22462.31572527691,"[11, 11, 98]","[0.047786639634793605, 0.08165217420639512, 0.8705611861588113]","[1.1251600706791853, 2.0631588868331923, 0.8672198098781513, 3.3274433530890484, 3.4978669754586207, 3.2523132217988318]",0.18772288672887055,0.12276711959879318,0.12311385528077731,0.046088899544103654,0.07131213146046259,-1.8037463688939717,/home/sol856/jax-morph/results-natcompsci-2025/concentric-ring-my-own/trained_models_patterns_salt_pepper_sweep/wfrac_5/w12_1/ratio_1-1-8/ncells_120/visualizations_regenerated_sp/train-pattern-4-final.png,/home/sol856/jax-morph/results-natcompsci-2025/concentric-ring-my-own/trained_models_patterns_salt_pepper_sweep/wfrac_5/w12_1/ratio_1-1-8/ncells_120/visualizations_regenerated_sp/train-pattern-4-final-hide-type-3.png
wfrac_1/w12_1/ratio_1-1-4/ncells_120,train-pattern-0,-3.9912543201533874,-0.6071344094144191,15297.58625116658,"[23, 19, 78]","[0.1553856627459218, 0.1148189581765898, 0.7297953790774884]","[3.254367997428446, 1.0133896932909838, 1.0402574064085344, 3.4119727724090225, 2.9184375956400226, 3.1367012278173902]",0.17778488520861882,0.12350731421266883,0.11467623157478941,0.03004073274676278,0.08153066382516705,-1.592170557944928,/home/sol856/jax-morph/results-natcompsci-2025/concentric-ring-my-own/trained_models_patterns_salt_pepper_sweep/wfrac_1/w12_1/ratio_1-1-4/ncells_120/visualizations_regenerated_sp/train-pattern-0-final.png,/home/sol856/jax-morph/results-natcompsci-2025/concentric-ring-my-own/trained_models_patterns_salt_pepper_sweep/wfrac_1/w12_1/ratio_1-1-4/ncells_120/visualizations_regenerated_sp/train-pattern-0-final-hide-type-3.png
wfrac_0/w12_1/ratio_1-1-8/ncells_120,train-pattern-1,-3.837354669492955,-1.6763757879223393,17219.965255478197,"[15, 21, 84]","[0.10001978183460238, 0.10008681096004496, 0.7998934072053526]","[1.9801733923321672, 1.1799443682653914, 2.401439688224888, 1.1374799891346212, 1.0135411858531735, 3.782576604654727]",0.15651038153095742,0.20558556372157033,0.12461052997183972,0.025276218248283414,0.0829307656720675,-1.6397514168518394,/home/sol856/jax-morph/results-natcompsci-2025/concentric-ring-my-own/trained_models_patterns_salt_pepper_sweep/wfrac_0/w12_1/ratio_1-1-8/ncells_120/visualizations_regenerated_sp/train-pattern-1-final.png,/home/sol856/jax-morph/results-natcompsci-2025/concentric-ring-my-own/trained_models_patterns_salt_pepper_sweep/wfrac_0/w12_1/ratio_1-1-8/ncells_120/visualizations_regenerated_sp/train-pattern-1-final-hide-type-3.png
wfrac_1/w12_1/ratio_1-1-8/ncells_120,train-pattern-2,-3.484918226388814,-1.7033468347615373,20146.973191667326,"[14, 14, 92]","[0.09999999999998904, 0.09999999999998549, 0.8000000000000255]","[1.3076211241325382, 0.8750792039718502, 3.6882280094836277, 3.3548894300576553, 3.4461096267367823, 1.7939661477852948]",0.08960438353881486,0.09702804892397295,0.11867100759888678,0.14250041477505082,0.06877052336152863,-1.684851157356496,/home/sol856/jax-morph/results-natcompsci-2025/concentric-ring-my-own/trained_models_patterns_salt_pepper_sweep/wfrac_1/w12_1/ratio_1-1-8/ncells_120/visualizations_regenerated_sp/train-pattern-2-final.png,/home/sol856/jax-morph/results-natcompsci-2025/concentric-ring-my-own/trained_models_patterns_salt_pepper_sweep/wfrac_1/w12_1/ratio_1-1-8/ncells_120/visualizations_regenerated_sp/train-pattern-2-final-hide-type-3.png
wfrac_1/w12_0/ratio_1-1-4/ncells_120,train-pattern-0,-3.3643357288275375,-0.24026814084069287,14222.896408741053,"[26, 23, 71]","[0.1838149074599701, 0.157903079146331, 0.6582820133936989]","[3.0529944801343856, 1.4093189414494534, 3.7354017775162083, 1.8635878169933517, 2.29335318881904, 2.9095701384971226]",0.09816971888654763,0.16189069097058276,0.12336456911370638,0.0651284667719981,0.06899746817174293,-1.6592272532749321,/home/sol856/jax-morph/results-natcompsci-2025/concentric-ring-my-own/trained_models_patterns_salt_pepper_sweep/wfrac_1/w12_0/ratio_1-1-4/ncells_120/visualizations_regenerated_sp/train-pattern-0-final.png,/home/sol856/jax-morph/results-natcompsci-2025/concentric-ring-my-own/trained_models_patterns_salt_pepper_sweep/wfrac_1/w12_0/ratio_1-1-4/ncells_120/visualizations_regenerated_sp/train-pattern-0-final-hide-type-3.png
wfrac_1/w12_0/ratio_1-1-8/ncells_120,train-pattern-2,-3.3630007767567935,-0.669284058483381,21801.871997274706,"[15, 11, 94]","[0.10885551271078202, 0.09597227289126561, 0.7951722143979523]","[3.614412361158708, 1.0782926789150458, 2.0167727236962225, 1.065922175583557, 1.7594971027528967, 3.638234058704631]",0.16386288836780147,0.18069371990629443,0.13688462558958345,0.041144283247852756,0.07508573271629833,-1.712433534845049,/home/sol856/jax-morph/results-natcompsci-2025/concentric-ring-my-own/trained_models_patterns_salt_pepper_sweep/wfrac_1/w12_0/ratio_1-1-8/ncells_120/visualizations_regenerated_sp/train-pattern-2-final.png,/home/sol856/jax-morph/results-natcompsci-2025/concentric-ring-my-own/trained_models_patterns_salt_pepper_sweep/wfrac_1/w12_0/ratio_1-1-8/ncells_120/visualizations_regenerated_sp/train-pattern-2-final-hide-type-3.png
wfrac_0/w12_0/ratio_1-1-8/ncells_120,train-pattern-1,-3.306548928883553,-0.9246110806770713,22419.224440082973,"[10, 11, 99]","[0.045493077676316516, 0.05532944254808379, 0.8991774797755997]","[1.9109258058596337, 2.7791650753806807, 1.4799732869396915, 3.0833670128271313, 1.2597202821769038, 3.2861325453667165]",0.18873639040650875,0.1595214896956021,0.12836082891111755,0.13480921055838013,0.07795994302833661,-2.200452065163945,/home/sol856/jax-morph/results-natcompsci-2025/concentric-ring-my-own/trained_models_patterns_salt_pepper_sweep/wfrac_0/w12_0/ratio_1-1-8/ncells_120/visualizations_regenerated_sp/train-pattern-1-final.png,/home/sol856/jax-morph/results-natcompsci-2025/concentric-ring-my-own/trained_models_patterns_salt_pepper_sweep/wfrac_0/w12_0/ratio_1-1-8/ncells_120/visualizations_regenerated_sp/train-pattern-1-final-hide-type-3.png
wfrac_1/w12_0/ratio_1-1-8/ncells_120,train-pattern-0,-3.245883210686398,-1.257093885381766,24569.808115251246,"[12, 9, 99]","[0.05441376999516449, 0.01953943159091192, 0.9260467984139236]","[3.403024347714969, 3.678629548433384, 2.398007145500345, 3.747717829999119, 3.7529395900876787, 1.7173440492136776]",0.09723109572012831,0.0799663768475881,0.14051194412053297,0.1191311773943041,0.058534314707918395,-1.7885772465363123,/home/sol856/jax-morph/results-natcompsci-2025/concentric-ring-my-own/trained_models_patterns_salt_pepper_sweep/wfrac_1/w12_0/ratio_1-1-8/ncells_120/visualizations_regenerated_sp/train-pattern-0-final.png,/home/sol856/jax-morph/results-natcompsci-2025/concentric-ring-my-own/trained_models_patterns_salt_pepper_sweep/wfrac_1/w12_0/ratio_1-1-8/ncells_120/visualizations_regenerated_sp/train-pattern-0-final-hide-type-3.png
wfrac_1/w12_0/ratio_1-1-4/ncells_120,train-pattern-3,-3.2167761615539714,-0.6680251946625683,20890.274571028505,"[12, 13, 95]","[0.12432703888924597, 0.06697340867129091, 0.8086995524394631]","[1.7448058857058508, 1.7454292957602833, 0.8164930438011948, 1.0016385334102236, 2.354564510587597, 3.296561720431887]",0.24824965308972277,0.17363021980426316,0.12245521459970313,0.027614728299208382,0.07743213644089322,-1.832978325125662,/home/sol856/jax-morph/results-natcompsci-2025/concentric-ring-my-own/trained_models_patterns_salt_pepper_sweep/wfrac_1/w12_0/ratio_1-1-4/ncells_120/visualizations_regenerated_sp/train-pattern-3-final.png,/home/sol856/jax-morph/results-natcompsci-2025/concentric-ring-my-own/trained_models_patterns_salt_pepper_sweep/wfrac_1/w12_0/ratio_1-1-4/ncells_120/visualizations_regenerated_sp/train-pattern-3-final-hide-type-3.png
wfrac_0/w12_1/ratio_1-1-4/ncells_40,train-pattern-1,-3.119083245621585,-0.9745555452585234,2285.690258398643,"[2, 2, 36]","[0.009506438293687938, 0.004743380635932272, 0.9857501810703797]","[3.5726405995428516, 0.8955364217120969, 2.5440164211644607, 3.0746392314382787, 3.050548811077493, 1.5174489998372573]",0.15091240885887466,0.09555229974986737,0.1712532171656803,0.49895280511209067,0.1369858612808027,-1.3395173846490787,/home/sol856/jax-morph/results-natcompsci-2025/concentric-ring-my-own/trained_models_patterns_salt_pepper_sweep/wfrac_0/w12_1/ratio_1-1-4/ncells_40/visualizations_regenerated_sp/train-pattern-1-final.png,/home/sol856/jax-morph/results-natcompsci-2025/concentric-ring-my-own/trained_models_patterns_salt_pepper_sweep/wfrac_0/w12_1/ratio_1-1-4/ncells_40/visualizations_regenerated_sp/train-pattern-1-final-hide-type-3.png
wfrac_5/w12_0/ratio_1-1-4/ncells_120,train-pattern-4,-3.0899485048592594,-0.6944943067209036,16877.0384451473,"[13, 27, 80]","[0.09113133829389017, 0.16046881035814192, 0.748399851347968]","[2.8182183291052647, 1.8514235405852537, 3.282773141198331, 3.5563119255789184, 1.7152617785463384, 2.820147973382783]",0.09496715080787513,0.1258312201374253,0.12534620536653893,0.08265503063589603,0.06534513768897335,-1.7537995879775135,/home/sol856/jax-morph/results-natcompsci-2025/concentric-ring-my-own/trained_models_patterns_salt_pepper_sweep/wfrac_5/w12_0/ratio_1-1-4/ncells_120/visualizations_regenerated_sp/train-pattern-4-final.png,/home/sol856/jax-morph/results-natcompsci-2025/concentric-ring-my-own/trained_models_patterns_salt_pepper_sweep/wfrac_5/w12_0/ratio_1-1-4/ncells_120/visualizations_regenerated_sp/train-pattern-4-final-hide-type-3.png
wfrac_5/w12_0/ratio_1-1-8/ncells_120,train-pattern-2,-3.0200564852990004,-0.8205517572522879,21359.700732908364,"[14, 12, 94]","[0.10376084080106165, 0.10659877563373557, 0.7896403835652028]","[3.153305657362405, 2.6318252972018126, 2.8181738096684414, 3.786550897497256, 2.138357261247511, 2.5622271610436265]",0.09890557932808186,0.13992017055718156,0.1242464504341111,0.06829366676676164,0.06524612835536409,-1.7076035328614103,/home/sol856/jax-morph/results-natcompsci-2025/concentric-ring-my-own/trained_models_patterns_salt_pepper_sweep/wfrac_5/w12_0/ratio_1-1-8/ncells_120/visualizations_regenerated_sp/train-pattern-2-final.png,/home/sol856/jax-morph/results-natcompsci-2025/concentric-ring-my-own/trained_models_patterns_salt_pepper_sweep/wfrac_5/w12_0/ratio_1-1-8/ncells_120/visualizations_regenerated_sp/train-pattern-2-final-hide-type-3.png
wfrac_5/w12_0/ratio_1-1-4/ncells_120,train-pattern-1,-2.9799952977243627,-1.4694397935621715,13893.04239773683,"[22, 29, 69]","[0.1666666663549545, 0.1666666666854405, 0.6666666669596051]","[0.8849023329400765, 3.4709088381884303, 3.74838525748506, 3.655682192530284, 1.0704451093188907, 1.5447576735716564]",0.087042147230846,0.10979300287811004,0.1358669532195773,0.08765936063338785,0.05908481985607375,-1.7627724508872864,/home/sol856/jax-morph/results-natcompsci-2025/concentric-ring-my-own/trained_models_patterns_salt_pepper_sweep/wfrac_5/w12_0/ratio_1-1-4/ncells_120/visualizations_regenerated_sp/train-pattern-1-final.png,/home/sol856/jax-morph/results-natcompsci-2025/concentric-ring-my-own/trained_models_patterns_salt_pepper_sweep/wfrac_5/w12_0/ratio_1-1-4/ncells_120/visualizations_regenerated_sp/train-pattern-1-final-hide-type-3.png
wfrac_5/w12_0/ratio_1-1-4/ncells_120,train-pattern-2,-2.632548257696374,-1.1923911985064275,18283.447339636292,"[17, 19, 84]","[0.13002682953967865, 0.16077833128038718, 0.7091948391799342]","[3.7696205593406678, 3.3211583994137506, 3.478728227494228, 1.6267636383267288, 1.6900656021626568, 1.039616137875694]",0.07795176340101899,0.10961022847774311,0.13096722585408355,0.11411315754478227,0.05939788801745809,-1.7745364656056637,/home/sol856/jax-morph/results-natcompsci-2025/concentric-ring-my-own/trained_models_patterns_salt_pepper_sweep/wfrac_5/w12_0/ratio_1-1-4/ncells_120/visualizations_regenerated_sp/train-pattern-2-final.png,/home/sol856/jax-morph/results-natcompsci-2025/concentric-ring-my-own/trained_models_patterns_salt_pepper_sweep/wfrac_5/w12_0/ratio_1-1-4/ncells_120/visualizations_regenerated_sp/train-pattern-2-final-hide-type-3.png
wfrac_1/w12_1/ratio_1-1-8/ncells_120,train-pattern-1,-2.5687717635542833,-2.1624968879541173,21920.2019132502,"[18, 11, 91]","[0.1312825007841935, 0.06927653292737537, 0.7994409662884311]","[3.6372729473664807, 3.397856528863744, 0.9239410319930311, 3.7262179118718572, 0.9796542277125396, 1.0427755674543249]",0.09245493971546033,0.09346881659314644,0.16786156817062556,0.18346995560362406,0.05138886748470151,-2.1006077941127503,/home/sol856/jax-morph/results-natcompsci-2025/concentric-ring-my-own/trained_models_patterns_salt_pepper_sweep/wfrac_1/w12_1/ratio_1-1-8/ncells_120/visualizations_regenerated_sp/train-pattern-1-final.png,/home/sol856/jax-morph/results-natcompsci-2025/concentric-ring-my-own/trained_models_patterns_salt_pepper_sweep/wfrac_1/w12_1/ratio_1-1-8/ncells_120/visualizations_regenerated_sp/train-pattern-1-final-hide-type-3.png
wfrac_5/w12_1/ratio_1-1-4/ncells_120,train-pattern-0,-2.553979394689532,-2.086381934652855,16314.946536604557,"[25, 23, 72]","[0.17021312203383374, 0.16359301614624175, 0.6661938618199246]","[3.039510612548466, 3.5905871572294377, 0.9369974186974332, 3.2667190689155934, 0.8190653584389157, 0.9079009274050946]",0.09558503372825577,0.09225305511558314,0.18363817598976298,0.15005585857528125,0.042331378286703206,-2.123176881225788,/home/sol856/jax-morph/results-natcompsci-2025/concentric-ring-my-own/trained_models_patterns_salt_pepper_sweep/wfrac_5/w12_1/ratio_1-1-4/ncells_120/visualizations_regenerated_sp/train-pattern-0-final.png,/home/sol856/jax-morph/results-natcompsci-2025/concentric-ring-my-own/trained_models_patterns_salt_pepper_sweep/wfrac_5/w12_1/ratio_1-1-4/ncells_120/visualizations_regenerated_sp/train-pattern-0-final-hide-type-3.png
wfrac_0/w12_1/ratio_1-1-4/ncells_120,train-pattern-0,-2.553735948729416,0.9390060253826968,14891.341235158696,"[22, 19, 79]","[0.1420430153628245, 0.11559027468699133, 0.7423667099501842]","[2.8313162753127923, 0.8510733894931963, 1.612959727021777, 3.265601754374381, 0.8822714871434824, 3.303910539297343]",0.18492128030668348,0.18680811125460803,0.10843297253244571,0.013946425562407373,0.09504409675360152,-1.6186314657259064,/home/sol856/jax-morph/results-natcompsci-2025/concentric-ring-my-own/trained_models_patterns_salt_pepper_sweep/wfrac_0/w12_1/ratio_1-1-4/ncells_120/visualizations_regenerated_sp/train-pattern-0-final.png,/home/sol856/jax-morph/results-natcompsci-2025/concentric-ring-my-own/trained_models_patterns_salt_pepper_sweep/wfrac_0/w12_1/ratio_1-1-4/ncells_120/visualizations_regenerated_sp/train-pattern-0-final-hide-type-3.png
wfrac_0/w12_0/ratio_1-1-8/ncells_60,train-pattern-4,-2.5523901166623766,-1.4009810587381464,3297.6546846566634,"[3, 36, 21]","[0.024647223016908887, 0.6969742525618685, 0.27837852442122263]","[0.8533482000155788, 3.798707316886694, 0.9017020364674458, 3.478704972156221, 0.8243081270588655, 0.8375776206816532]",0.13980928214629346,0.1290722449437898,0.28401238531641576,0.1291750213483409,0.04110509671416125,-1.9733102954435493,/home/sol856/jax-morph/results-natcompsci-2025/concentric-ring-my-own/trained_models_patterns_salt_pepper_sweep/wfrac_0/w12_0/ratio_1-1-8/ncells_60/visualizations_regenerated_sp/train-pattern-4-final.png,/home/sol856/jax-morph/results-natcompsci-2025/concentric-ring-my-own/trained_models_patterns_salt_pepper_sweep/wfrac_0/w12_0/ratio_1-1-8/ncells_60/visualizations_regenerated_sp/train-pattern-4-final-hide-type-3.png
wfrac_5/w12_1/ratio_1-1-8/ncells_60,train-pattern-4,-2.544165708717532,-1.7793957817773163,4594.108033957244,"[8, 6, 46]","[0.09588319043420827, 0.11911240447007378, 0.785004405095718]","[3.404213007499105, 3.624454327705905, 0.9200696151706832, 3.7421772779233216, 0.8410327311563872, 0.8758113508053907]",0.13070068688451694,0.11335038492407896,0.19500986907027912,0.3446544845695171,0.09046929347694244,-1.80249033696576,/home/sol856/jax-morph/results-natcompsci-2025/concentric-ring-my-own/trained_models_patterns_salt_pepper_sweep/wfrac_5/w12_1/ratio_1-1-8/ncells_60/visualizations_regenerated_sp/train-pattern-4-final.png,/home/sol856/jax-morph/results-natcompsci-2025/concentric-ring-my-own/trained_models_patterns_salt_pepper_sweep/wfrac_5/w12_1/ratio_1-1-8/ncells_60/visualizations_regenerated_sp/train-pattern-4-final-hide-type-3.png
wfrac_5/w12_1/ratio_1-1-8/ncells_120,train-pattern-0,-2.4866272460613907,-1.3711583803028957,23512.99450022873,"[7, 14, 99]","[0.0316119109641338, 0.06745293819769013, 0.9009351508381761]","[3.7023213111016444, 1.203041975378751, 3.2929578038570133, 1.5663339019248435, 2.697761116747035, 1.4540887429921199]",0.08953389992978655,0.09397373275258387,0.12676828722904837,0.12313536821410138,0.06311321200761408,-1.7233284774039623,/home/sol856/jax-morph/results-natcompsci-2025/concentric-ring-my-own/trained_models_patterns_salt_pepper_sweep/wfrac_5/w12_1/ratio_1-1-8/ncells_120/visualizations_regenerated_sp/train-pattern-0-final.png,/home/sol856/jax-morph/results-natcompsci-2025/concentric-ring-my-own/trained_models_patterns_salt_pepper_sweep/wfrac_5/w12_1/ratio_1-1-8/ncells_120/visualizations_regenerated_sp/train-pattern-0-final-hide-type-3.png
wfrac_1/w12_1/ratio_1-1-8/ncells_40,train-pattern-2,-2.4674617399275034,-1.2803237196414599,2297.9481122933403,"[2, 2, 36]","[0.0044416308006851426, 0.006166559250271828, 0.989391809949043]","[3.6402312728527644, 3.267823393424594, 2.737015055263779, 3.1628629240550516, 2.8130093456804914, 1.5681112511405975]",0.09592376271724051,0.09435409883963974,0.16906054175371624,0.4383424535431633,0.13276624582620494,-1.3211887426902638,/home/sol856/jax-morph/results-natcompsci-2025/concentric-ring-my-own/trained_models_patterns_salt_pepper_sweep/wfrac_1/w12_1/ratio_1-1-8/ncells_40/visualizations_regenerated_sp/train-pattern-2-final.png,/home/sol856/jax-morph/results-natcompsci-2025/concentric-ring-my-own/trained_models_patterns_salt_pepper_sweep/wfrac_1/w12_1/ratio_1-1-8/ncells_40/visualizations_regenerated_sp/train-pattern-2-final-hide-type-3.png
wfrac_1/w12_1/ratio_1-1-8/ncells_40,train-pattern-1,-2.451449116736327,-1.3217763189397451,2204.736773298776,"[2, 3, 35]","[0.010815357475909919, 0.03708636300716331, 0.9520982795169267]","[3.5154443260465893, 3.2093527494787297, 3.024453723855266, 3.544996949953223, 2.712032894230423, 1.6950197802135654]",0.10309517898650862,0.09878636927546239,0.1834953065171923,0.16424977205046037,0.12369017678108551,-1.3321330364977215,/home/sol856/jax-morph/results-natcompsci-2025/concentric-ring-my-own/trained_models_patterns_salt_pepper_sweep/wfrac_1/w12_1/ratio_1-1-8/ncells_40/visualizations_regenerated_sp/train-pattern-1-final.png,/home/sol856/jax-morph/results-natcompsci-2025/concentric-ring-my-own/trained_models_patterns_salt_pepper_sweep/wfrac_1/w12_1/ratio_1-1-8/ncells_40/visualizations_regenerated_sp/train-pattern-1-final-hide-type-3.png
wfrac_0/w12_1/ratio_1-1-4/ncells_60,train-pattern-4,-2.4416222645457504,-1.621482516902054,5867.692062971164,"[3, 3, 54]","[0.010653074469513734, 0.015956261697630026, 0.9733906638328562]","[3.313925197601045, 2.597031916426303, 1.0439918810333553, 3.170845908256214, 1.0534215534799718, 0.8813729276824649]",0.09957638959654828,0.09147869924683039,0.17230691243330576,0.4635019109823478,0.09364422042054997,-1.5946969487370755,/home/sol856/jax-morph/results-natcompsci-2025/concentric-ring-my-own/trained_models_patterns_salt_pepper_sweep/wfrac_0/w12_1/ratio_1-1-4/ncells_60/visualizations_regenerated_sp/train-pattern-4-final.png,/home/sol856/jax-morph/results-natcompsci-2025/concentric-ring-my-own/trained_models_patterns_salt_pepper_sweep/wfrac_0/w12_1/ratio_1-1-4/ncells_60/visualizations_regenerated_sp/train-pattern-4-final-hide-type-3.png
wfrac_1/w12_1/ratio_1-1-4/ncells_40,train-pattern-0,-2.440546093610253,-1.1612807077716008,2110.4822707140047,"[3, 2, 35]","[0.010937762697160361, 0.010472047687786125, 0.9785901896150535]","[3.6467544179315947, 0.8360400533338302, 3.555186756835548, 0.9971937839446069, 3.717092873252634, 1.8840979077191418]",0.08403934285238963,0.13008632148631816,0.16041176532354742,0.4998872880480089,0.14326885020026758,-1.2708836096881007,/home/sol856/jax-morph/results-natcompsci-2025/concentric-ring-my-own/trained_models_patterns_salt_pepper_sweep/wfrac_1/w12_1/ratio_1-1-4/ncells_40/visualizations_regenerated_sp/train-pattern-0-final.png,/home/sol856/jax-morph/results-natcompsci-2025/concentric-ring-my-own/trained_models_patterns_salt_pepper_sweep/wfrac_1/w12_1/ratio_1-1-4/ncells_40/visualizations_regenerated_sp/train-pattern-0-final-hide-type-3.png
wfrac_5/w12_1/ratio_1-1-8/ncells_40,train-pattern-1,-2.4325785528264583,-1.9806228548935432,1848.8879623564994,"[4, 4, 32]","[0.05921044076756527, 0.06034394462277304, 0.8804456146096618]","[3.59228874324707, 3.6473998759888655, 3.313040938480479, 3.3934928468736674, 3.2862851289308113, 1.9190058491405122]",0.13357707904264024,0.12654857967696484,0.1763233419185581,0.26130568299840873,0.131688262808707,-1.329056133003454,/home/sol856/jax-morph/results-natcompsci-2025/concentric-ring-my-own/trained_models_patterns_salt_pepper_sweep/wfrac_5/w12_1/ratio_1-1-8/ncells_40/visualizations_regenerated_sp/train-pattern-1-final.png,/home/sol856/jax-morph/results-natcompsci-2025/concentric-ring-my-own/trained_models_patterns_salt_pepper_sweep/wfrac_5/w12_1/ratio_1-1-8/ncells_40/visualizations_regenerated_sp/train-pattern-1-final-hide-type-3.png
wfrac_1/w12_1/ratio_1-1-8/ncells_60,train-pattern-2,-2.427405111293763,-1.8631042074140518,5558.989990966124,"[5, 3, 52]","[0.02041763800498429, 0.01111758552789941, 0.9684647764671163]","[3.5944340207339636, 3.4316840269785285, 1.0405547880622341, 3.2596130660776987, 1.1434393540480405, 1.074623330522221]",0.11104332269662742,0.09529111583883301,0.1802184317171932,0.31844985238061646,0.08432215765553022,-1.6560741928858604,/home/sol856/jax-morph/results-natcompsci-2025/concentric-ring-my-own/trained_models_patterns_salt_pepper_sweep/wfrac_1/w12_1/ratio_1-1-8/ncells_60/visualizations_regenerated_sp/train-pattern-2-final.png,/home/sol856/jax-morph/results-natcompsci-2025/concentric-ring-my-own/trained_models_patterns_salt_pepper_sweep/wfrac_1/w12_1/ratio_1-1-8/ncells_60/visualizations_regenerated_sp/train-pattern-2-final-hide-type-3.png
wfrac_5/w12_1/ratio_1-1-8/ncells_40,train-pattern-4,-2.4141243849228378,-1.3223259360945505,2129.2929922846133,"[2, 4, 34]","[0.0400240122705204, 0.046362960738564614, 0.913613026990915]","[2.0191368093007007, 3.430340332746825, 2.306765274300127, 2.985801242088624, 2.2096660105403743, 1.3781302005316198]",0.10709233313756021,0.09010545528185139,0.1861349842397336,0.46070378116384114,0.11515483749364604,-1.3676780973935772,/home/sol856/jax-morph/results-natcompsci-2025/concentric-ring-my-own/trained_models_patterns_salt_pepper_sweep/wfrac_5/w12_1/ratio_1-1-8/ncells_40/visualizations_regenerated_sp/train-pattern-4-final.png,/home/sol856/jax-morph/results-natcompsci-2025/concentric-ring-my-own/trained_models_patterns_salt_pepper_sweep/wfrac_5/w12_1/ratio_1-1-8/ncells_40/visualizations_regenerated_sp/train-pattern-4-final-hide-type-3.png
wfrac_0/w12_1/ratio_1-1-4/ncells_120,train-pattern-1,-2.4138141407113665,-1.9997920851695792,22032.61820159582,"[21, 8, 91]","[0.15487177643243988, 0.023706170577516186, 0.8214220529900439]","[3.530729713512282, 3.5354207404808626, 0.8114506374228911, 1.129250489214158, 1.0309470941223084, 1.0623218943757577]",0.09521564444883363,0.098514505344498,0.16180316388516805,0.20269117169807138,0.0540154029903903,-2.0861767286885673,/home/sol856/jax-morph/results-natcompsci-2025/concentric-ring-my-own/trained_models_patterns_salt_pepper_sweep/wfrac_0/w12_1/ratio_1-1-4/ncells_120/visualizations_regenerated_sp/train-pattern-1-final.png,/home/sol856/jax-morph/results-natcompsci-2025/concentric-ring-my-own/trained_models_patterns_salt_pepper_sweep/wfrac_0/w12_1/ratio_1-1-4/ncells_120/visualizations_regenerated_sp/train-pattern-1-final-hide-type-3.png
wfrac_1/w12_1/ratio_1-1-8/ncells_40,train-pattern-0,-2.4068050852205864,-1.578127049841396,1684.4275454139909,"[3, 9, 28]","[0.055551276157687644, 0.16848505720364745, 0.7759636666386649]","[3.3659830985086607, 3.5556545467349734, 0.9168629785049138, 3.770870645167565, 0.8065666963195052, 0.8210204845845371]",0.12470506267427232,0.12437716259448735,0.2541691459121456,0.4059317927693496,0.08361309158523157,-1.6077377477021244,/home/sol856/jax-morph/results-natcompsci-2025/concentric-ring-my-own/trained_models_patterns_salt_pepper_sweep/wfrac_1/w12_1/ratio_1-1-8/ncells_40/visualizations_regenerated_sp/train-pattern-0-final.png,/home/sol856/jax-morph/results-natcompsci-2025/concentric-ring-my-own/trained_models_patterns_salt_pepper_sweep/wfrac_1/w12_1/ratio_1-1-8/ncells_40/visualizations_regenerated_sp/train-pattern-0-final-hide-type-3.png
wfrac_0/w12_1/ratio_1-1-4/ncells_40,train-pattern-4,-2.3952696757890224,-1.57778216330264,2339.7694614928664,"[2, 2, 36]","[0.007712172284195801, 0.005684405157132558, 0.9866034225586717]","[3.1677673298087843, 3.6888109080815346, 2.6641474233530484, 3.234707230121482, 2.6128178652057397, 1.4921924085542075]",0.09728814383356368,0.08726568991587146,0.1788567858972836,0.8423304827164968,0.1234726448908087,-1.3501026069434756,/home/sol856/jax-morph/results-natcompsci-2025/concentric-ring-my-own/trained_models_patterns_salt_pepper_sweep/wfrac_0/w12_1/ratio_1-1-4/ncells_40/visualizations_regenerated_sp/train-pattern-4-final.png,/home/sol856/jax-morph/results-natcompsci-2025/concentric-ring-my-own/trained_models_patterns_salt_pepper_sweep/wfrac_0/w12_1/ratio_1-1-4/ncells_40/visualizations_regenerated_sp/train-pattern-4-final-hide-type-3.png
wfrac_0/w12_1/ratio_1-1-8/ncells_60,train-pattern-0,-2.3930200732286764,-1.7152415967988266,2862.4427002931407,"[23, 7, 30]","[0.3676729526689479, 0.08828641875564577, 0.5440406285754064]","[3.5379523638372445, 3.7177557856429138, 0.8387884427103505, 3.763172082887867, 0.9135386757009984, 1.145194179517497]",0.1262372134952776,0.11349549827410081,0.2098209539129775,0.22340437355512222,0.0768485284165561,-1.910494185553136,/home/sol856/jax-morph/results-natcompsci-2025/concentric-ring-my-own/trained_models_patterns_salt_pepper_sweep/wfrac_0/w12_1/ratio_1-1-8/ncells_60/visualizations_regenerated_sp/train-pattern-0-final.png,/home/sol856/jax-morph/results-natcompsci-2025/concentric-ring-my-own/trained_models_patterns_salt_pepper_sweep/wfrac_0/w12_1/ratio_1-1-8/ncells_60/visualizations_regenerated_sp/train-pattern-0-final-hide-type-3.png
wfrac_5/w12_1/ratio_1-1-4/ncells_60,train-pattern-2,-2.3862128892668495,-1.562362274281574,3249.6673117037135,"[12, 12, 36]","[0.1319220338884316, 0.19293516688953466, 0.6751427992220339]","[0.8605739244869229, 3.577271608435585, 1.1636561488239883, 3.6411052938776285, 0.975905108339251, 1.1934660940265989]",0.1189420990916206,0.11024870452069739,0.19605549683630938,0.21146143644760693,0.07363737801467941,-1.693607910548792,/home/sol856/jax-morph/results-natcompsci-2025/concentric-ring-my-own/trained_models_patterns_salt_pepper_sweep/wfrac_5/w12_1/ratio_1-1-4/ncells_60/visualizations_regenerated_sp/train-pattern-2-final.png,/home/sol856/jax-morph/results-natcompsci-2025/concentric-ring-my-own/trained_models_patterns_salt_pepper_sweep/wfrac_5/w12_1/ratio_1-1-4/ncells_60/visualizations_regenerated_sp/train-pattern-2-final-hide-type-3.png
wfrac_5/w12_1/ratio_1-1-8/ncells_120,train-pattern-1,-2.378118215069079,-1.7734546890295162,22641.435895136477,"[13, 13, 94]","[0.08740811484527908, 0.08054683020343602, 0.8320450549512849]","[3.6551783789486656, 3.0486418290720367, 2.0727008484344056, 2.8663653860586855, 2.1218087669684413, 1.5150799109476352]",0.08478995575945525,0.08695284844610458,0.1447687489873396,0.11685087247052445,0.05257377245849831,-1.8938477748676894,/home/sol856/jax-morph/results-natcompsci-2025/concentric-ring-my-own/trained_models_patterns_salt_pepper_sweep/wfrac_5/w12_1/ratio_1-1-8/ncells_120/visualizations_regenerated_sp/train-pattern-1-final.png,/home/sol856/jax-morph/results-natcompsci-2025/concentric-ring-my-own/trained_models_patterns_salt_pepper_sweep/wfrac_5/w12_1/ratio_1-1-8/ncells_120/visualizations_regenerated_sp/train-pattern-1-final-hide-type-3.png
wfrac_5/w12_1/ratio_1-1-8/ncells_60,train-pattern-1,-2.377930050596436,-1.5745444246408147,4515.107070049715,"[8, 7, 45]","[0.10409289351591809, 0.08768506639590304, 0.8082220400881788]","[3.5459455463153446, 3.6134177953679725, 1.1685327705755748, 3.049275891698846, 1.3606111459048844, 1.2257500692298522]",0.09471054278874799,0.09190837256105858,0.18523273052417158,0.305229333212684,0.0714968586232807,-1.621601793106085,/home/sol856/jax-morph/results-natcompsci-2025/concentric-ring-my-own/trained_models_patterns_salt_pepper_sweep/wfrac_5/w12_1/ratio_1-1-8/ncells_60/visualizations_regenerated_sp/train-pattern-1-final.png,/home/sol856/jax-morph/results-natcompsci-2025/concentric-ring-my-own/trained_models_patterns_salt_pepper_sweep/wfrac_5/w12_1/ratio_1-1-8/ncells_60/visualizations_regenerated_sp/train-pattern-1-final-hide-type-3.png
wfrac_0/w12_1/ratio_1-1-4/ncells_40,train-pattern-3,-2.366144284612333,-1.3784366549458742,2305.7968855746713,"[2, 2, 36]","[0.004627261684996099, 0.0058010097232351725, 0.9895717285917687]","[3.596232710503214, 3.462281332508412, 2.389289647201581, 3.3837952888821023, 2.3258821218179095, 1.3263747941599342]",0.09343751213411729,0.10316655025204004,0.18565799106170433,0.9092321543601228,0.12423173143972578,-1.3526882247712346,/home/sol856/jax-morph/results-natcompsci-2025/concentric-ring-my-own/trained_models_patterns_salt_pepper_sweep/wfrac_0/w12_1/ratio_1-1-4/ncells_40/visualizations_regenerated_sp/train-pattern-3-final.png,/home/sol856/jax-morph/results-natcompsci-2025/concentric-ring-my-own/trained_models_patterns_salt_pepper_sweep/wfrac_0/w12_1/ratio_1-1-4/ncells_40/visualizations_regenerated_sp/train-pattern-3-final-hide-type-3.png
wfrac_0/w12_1/ratio_1-1-4/ncells_120,train-pattern-2,-2.3512072890433315,-2.185052824381608,17424.717422564394,"[22, 19, 79]","[0.18576831609235606, 0.18647139994522763, 0.6277602839624163]","[2.2255595427562795, 3.6301573701078045, 1.131219752695606, 0.9345750133787395, 0.8458198409991756, 1.2876133333627884]",0.083842522300772,0.09760088361711217,0.1619456356079563,0.13210849359966148,0.048649589767550794,-1.946194682736261,/home/sol856/jax-morph/results-natcompsci-2025/concentric-ring-my-own/trained_models_patterns_salt_pepper_sweep/wfrac_0/w12_1/ratio_1-1-4/ncells_120/visualizations_regenerated_sp/train-pattern-2-final.png,/home/sol856/jax-morph/results-natcompsci-2025/concentric-ring-my-own/trained_models_patterns_salt_pepper_sweep/wfrac_0/w12_1/ratio_1-1-4/ncells_120/visualizations_regenerated_sp/train-pattern-2-final-hide-type-3.png
wfrac_5/w12_1/ratio_1-1-4/ncells_120,train-pattern-1,-2.345967284242759,-0.9162507438483263,14530.544233166958,"[17, 30, 73]","[0.12219445415075007, 0.17584716365497435, 0.7019583821942755]","[0.8164546503338371, 3.0038540641723817, 1.5256864602387221, 1.4273067034898683, 3.5513691633019215, 2.559012734509568]",0.16302976754472476,0.09694794873222555,0.11582011363411983,0.05373575524467427,0.07371998957794969,-1.6885735019818264,/home/sol856/jax-morph/results-natcompsci-2025/concentric-ring-my-own/trained_models_patterns_salt_pepper_sweep/wfrac_5/w12_1/ratio_1-1-4/ncells_120/visualizations_regenerated_sp/train-pattern-1-final.png,/home/sol856/jax-morph/results-natcompsci-2025/concentric-ring-my-own/trained_models_patterns_salt_pepper_sweep/wfrac_5/w12_1/ratio_1-1-4/ncells_120/visualizations_regenerated_sp/train-pattern-1-final-hide-type-3.png
wfrac_5/w12_1/ratio_1-1-8/ncells_40,train-pattern-0,-2.341877930798543,-1.6428819108875863,2052.2488914853548,"[3, 3, 34]","[0.022021784483190962, 0.043772923987880574, 0.9342052915289284]","[3.36439131411493, 2.65630045429951, 2.6225582931281903, 3.697472536717771, 2.4950013031663607, 1.5970438416413881]",0.08716428515775175,0.11936710799072855,0.16453987147208946,0.7428747992750988,0.13490307326302653,-1.357553362280948,/home/sol856/jax-morph/results-natcompsci-2025/concentric-ring-my-own/trained_models_patterns_salt_pepper_sweep/wfrac_5/w12_1/ratio_1-1-8/ncells_40/visualizations_regenerated_sp/train-pattern-0-final.png,/home/sol856/jax-morph/results-natcompsci-2025/concentric-ring-my-own/trained_models_patterns_salt_pepper_sweep/wfrac_5/w12_1/ratio_1-1-8/ncells_40/visualizations_regenerated_sp/train-pattern-0-final-hide-type-3.png
wfrac_0/w12_1/ratio_1-1-8/ncells_40,train-pattern-2,-2.3261440967712375,-1.7059955720436344,1588.8623646131425,"[4, 9, 27]","[0.05158964329482215, 0.22699442612734275, 0.7214159305778352]","[3.5800836993975835, 3.315382716980354, 0.8248631530926429, 3.25073229162082, 0.825061553196913, 0.839309478539554]",0.13230620440939808,0.11728449252237055,0.25282989281861573,0.42424535698164256,0.0843311660734931,-1.58379198861702,/home/sol856/jax-morph/results-natcompsci-2025/concentric-ring-my-own/trained_models_patterns_salt_pepper_sweep/wfrac_0/w12_1/ratio_1-1-8/ncells_40/visualizations_regenerated_sp/train-pattern-2-final.png,/home/sol856/jax-morph/results-natcompsci-2025/concentric-ring-my-own/trained_models_patterns_salt_pepper_sweep/wfrac_0/w12_1/ratio_1-1-8/ncells_40/visualizations_regenerated_sp/train-pattern-2-final-hide-type-3.png
wfrac_0/w12_0/ratio_1-1-4/ncells_120,train-pattern-0,-2.319633424644741,-1.7046526814776624,16288.338368185443,"[30, 20, 70]","[0.2214618845849567, 0.0899032422327212, 0.6886348731823222]","[3.1863670674235323, 3.3517973888068937, 0.8731357044063001, 3.1349733609236328, 0.8697737917717431, 0.8365260557859123]",0.10030800017761826,0.09409486521978501,0.19343471172151722,0.14463269711168633,0.04278199333743965,-2.154689642529373,/home/sol856/jax-morph/results-natcompsci-2025/concentric-ring-my-own/trained_models_patterns_salt_pepper_sweep/wfrac_0/w12_0/ratio_1-1-4/ncells_120/visualizations_regenerated_sp/train-pattern-0-final.png,/home/sol856/jax-morph/results-natcompsci-2025/concentric-ring-my-own/trained_models_patterns_salt_pepper_sweep/wfrac_0/w12_0/ratio_1-1-4/ncells_120/visualizations_regenerated_sp/train-pattern-0-final-hide-type-3.png
wfrac_1/w12_1/ratio_1-1-4/ncells_120,train-pattern-1,-2.3104460604099826,-1.3262356007234972,16657.489085362384,"[28, 11, 81]","[0.22827748670661852, 0.05326940199158508, 0.7184531113017963]","[3.3150701768710578, 1.1896233627311044, 0.8826259668535771, 1.1793796914464778, 3.7441576446342077, 2.135967720684894]",0.1325957914128812,0.09283877565553986,0.12496675198622806,0.04793571832698584,0.07182736224840146,-1.867645401522648,/home/sol856/jax-morph/results-natcompsci-2025/concentric-ring-my-own/trained_models_patterns_salt_pepper_sweep/wfrac_1/w12_1/ratio_1-1-4/ncells_120/visualizations_regenerated_sp/train-pattern-1-final.png,/home/sol856/jax-morph/results-natcompsci-2025/concentric-ring-my-own/trained_models_patterns_salt_pepper_sweep/wfrac_1/w12_1/ratio_1-1-4/ncells_120/visualizations_regenerated_sp/train-pattern-1-final-hide-type-3.png
wfrac_1/w12_1/ratio_1-1-4/ncells_60,train-pattern-1,-2.29660057569014,-1.840796621532823,3741.707646455067,"[14, 7, 39]","[0.23778387082110164, 0.08810261649068699, 0.6741135126882114]","[3.331300672810098, 3.707090506065465, 0.9307628249940363, 3.257878430428838, 0.9858581460792866, 1.0805499335602053]",0.10968020702918066,0.12045571233356268,0.22253950209430828,0.18533744502699576,0.0630227224350576,-1.6942705183255855,/home/sol856/jax-morph/results-natcompsci-2025/concentric-ring-my-own/trained_models_patterns_salt_pepper_sweep/wfrac_1/w12_1/ratio_1-1-4/ncells_60/visualizations_regenerated_sp/train-pattern-1-final.png,/home/sol856/jax-morph/results-natcompsci-2025/concentric-ring-my-own/trained_models_patterns_salt_pepper_sweep/wfrac_1/w12_1/ratio_1-1-4/ncells_60/visualizations_regenerated_sp/train-pattern-1-final-hide-type-3.png
wfrac_0/w12_1/ratio_1-1-8/ncells_60,train-pattern-3,-2.294815059925485,-1.7905102619403068,5218.032093742083,"[3, 8, 49]","[0.016118796568387786, 0.06010912506158559, 0.9237720783700266]","[3.6618046740961816, 3.7748575108421303, 0.9706004733699298, 3.6229105262143104, 0.8341624946454332, 0.8257210730674817]",0.0983192280711667,0.12551808907840017,0.2069800560792576,0.35833802259313696,0.08231550753895686,-1.7070947467282858,/home/sol856/jax-morph/results-natcompsci-2025/concentric-ring-my-own/trained_models_patterns_salt_pepper_sweep/wfrac_0/w12_1/ratio_1-1-8/ncells_60/visualizations_regenerated_sp/train-pattern-3-final.png,/home/sol856/jax-morph/results-natcompsci-2025/concentric-ring-my-own/trained_models_patterns_salt_pepper_sweep/wfrac_0/w12_1/ratio_1-1-8/ncells_60/visualizations_regenerated_sp/train-pattern-3-final-hide-type-3.png
wfrac_0/w12_1/ratio_1-1-4/ncells_60,train-pattern-1,-2.2942036056799417,-1.7370927352717975,5525.504362555055,"[3, 6, 51]","[0.01710721611776713, 0.07550831914684307, 0.9073844647353898]","[3.3829170586928736, 3.4468929870608127, 0.8946190245160777, 3.749670554972039, 0.8531446976961253, 0.8830213195352773]",0.09933738159271363,0.10123946439153782,0.19792130734546098,0.3752482607573959,0.0748832607099301,-1.5740057933703115,/home/sol856/jax-morph/results-natcompsci-2025/concentric-ring-my-own/trained_models_patterns_salt_pepper_sweep/wfrac_0/w12_1/ratio_1-1-4/ncells_60/visualizations_regenerated_sp/train-pattern-1-final.png,/home/sol856/jax-morph/results-natcompsci-2025/concentric-ring-my-own/trained_models_patterns_salt_pepper_sweep/wfrac_0/w12_1/ratio_1-1-4/ncells_60/visualizations_regenerated_sp/train-pattern-1-final-hide-type-3.png
wfrac_1/w12_0/ratio_1-1-4/ncells_60,train-pattern-2,-2.288812322321086,-1.3402933094066432,3343.464281449738,"[13, 11, 36]","[0.23989537718065554, 0.16284011970463055, 0.5972645031147139]","[3.3741558239925995, 3.7262251309718772, 0.853338872416497, 3.3230643708250147, 0.9445531436624239, 0.8566025324485405]",0.11247971721296166,0.14355463752520742,0.22534754520312722,0.188166902192901,0.07184445008249789,-1.8593868846350097,/home/sol856/jax-morph/results-natcompsci-2025/concentric-ring-my-own/trained_models_patterns_salt_pepper_sweep/wfrac_1/w12_0/ratio_1-1-4/ncells_60/visualizations_regenerated_sp/train-pattern-2-final.png,/home/sol856/jax-morph/results-natcompsci-2025/concentric-ring-my-own/trained_models_patterns_salt_pepper_sweep/wfrac_1/w12_0/ratio_1-1-4/ncells_60/visualizations_regenerated_sp/train-pattern-2-final-hide-type-3.png
wfrac_5/w12_1/ratio_1-1-4/ncells_40,train-pattern-4,-2.2869710105246286,-0.9873607251962949,1733.0496576807586,"[8, 2, 30]","[0.21924718423839326, 0.02914662927247147, 0.7516061864891354]","[3.6586098088142043, 3.3707091601380075, 2.0509028308442643, 3.1423993289987147, 3.69447446697688, 1.640286556304077]",0.11600139895427533,0.0921232433840557,0.18815640943165562,0.35686307131403777,0.1041545621038666,-1.4326169782485967,/home/sol856/jax-morph/results-natcompsci-2025/concentric-ring-my-own/trained_models_patterns_salt_pepper_sweep/wfrac_5/w12_1/ratio_1-1-4/ncells_40/visualizations_regenerated_sp/train-pattern-4-final.png,/home/sol856/jax-morph/results-natcompsci-2025/concentric-ring-my-own/trained_models_patterns_salt_pepper_sweep/wfrac_5/w12_1/ratio_1-1-4/ncells_40/visualizations_regenerated_sp/train-pattern-4-final-hide-type-3.png
wfrac_0/w12_1/ratio_1-1-4/ncells_60,train-pattern-3,-2.2687474812500854,-1.5433491811251532,5684.069582502344,"[3, 4, 53]","[0.027185513383999466, 0.01835871571585911, 0.9544557709001414]","[2.909810234739007, 3.6470402550627306, 0.9150847860141078, 2.124520714901506, 1.0260982031603214, 1.012442343150714]",0.0967208876765449,0.13711732297347007,0.17563724805024203,0.2582597242689608,0.09439555567349509,-1.692600668853789,/home/sol856/jax-morph/results-natcompsci-2025/concentric-ring-my-own/trained_models_patterns_salt_pepper_sweep/wfrac_0/w12_1/ratio_1-1-4/ncells_60/visualizations_regenerated_sp/train-pattern-3-final.png,/home/sol856/jax-morph/results-natcompsci-2025/concentric-ring-my-own/trained_models_patterns_salt_pepper_sweep/wfrac_0/w12_1/ratio_1-1-4/ncells_60/visualizations_regenerated_sp/train-pattern-3-final-hide-type-3.png
wfrac_5/w12_1/ratio_1-1-8/ncells_40,train-pattern-2,-2.258196801527285,-1.4656625964628818,1695.5320134260037,"[4, 6, 30]","[0.04642603384576194, 0.128072967350471, 0.825500998803767]","[0.8674708961597045, 3.7434181665803026, 1.3132743066953108, 3.589274986449092, 1.115132239297092, 1.2446335346202775]",0.11206718418599192,0.1092013114052086,0.20422007674598616,0.3100768527240561,0.09756269149896658,-1.3935868788359802,/home/sol856/jax-morph/results-natcompsci-2025/concentric-ring-my-own/trained_models_patterns_salt_pepper_sweep/wfrac_5/w12_1/ratio_1-1-8/ncells_40/visualizations_regenerated_sp/train-pattern-2-final.png,/home/sol856/jax-morph/results-natcompsci-2025/concentric-ring-my-own/trained_models_patterns_salt_pepper_sweep/wfrac_5/w12_1/ratio_1-1-8/ncells_40/visualizations_regenerated_sp/train-pattern-2-final-hide-type-3.png
wfrac_5/w12_1/ratio_1-1-8/ncells_60,train-pattern-2,-2.251563130649781,-1.748567071790836,4048.138177977886,"[10, 7, 43]","[0.11193945679926093, 0.0932025738897638, 0.7948579693109752]","[3.5962636352594375, 3.4486065156215657, 0.8564787412552636, 3.341734374362055, 0.8959553725622843, 0.931746034740088]",0.1192387910395352,0.1336476019056079,0.19718286117395967,0.2975387252871776,0.08421862815500883,-1.7631317459906293,/home/sol856/jax-morph/results-natcompsci-2025/concentric-ring-my-own/trained_models_patterns_salt_pepper_sweep/wfrac_5/w12_1/ratio_1-1-8/ncells_60/visualizations_regenerated_sp/train-pattern-2-final.png,/home/sol856/jax-morph/results-natcompsci-2025/concentric-ring-my-own/trained_models_patterns_salt_pepper_sweep/wfrac_5/w12_1/ratio_1-1-8/ncells_60/visualizations_regenerated_sp/train-pattern-2-final-hide-type-3.png
wfrac_5/w12_0/ratio_1-1-8/ncells_40,train-pattern-2,-2.240499866060803,-0.6123234187363292,1635.4812215498348,"[4, 6, 30]","[0.02532970431657788, 0.11144801860779668, 0.8632222770756254]","[3.4004472247109785, 0.8933234438507045, 2.477262658513048, 3.7048827690949064, 1.845840958569108, 1.5708707674172964]",0.08331905799567114,0.1195086633216412,0.17013550270934782,0.4476528196639466,0.12703590785263807,-1.3235507881545485,/home/sol856/jax-morph/results-natcompsci-2025/concentric-ring-my-own/trained_models_patterns_salt_pepper_sweep/wfrac_5/w12_0/ratio_1-1-8/ncells_40/visualizations_regenerated_sp/train-pattern-2-final.png,/home/sol856/jax-morph/results-natcompsci-2025/concentric-ring-my-own/trained_models_patterns_salt_pepper_sweep/wfrac_5/w12_0/ratio_1-1-8/ncells_40/visualizations_regenerated_sp/train-pattern-2-final-hide-type-3.png
wfrac_5/w12_1/ratio_1-1-4/ncells_60,train-pattern-0,-2.2357491327354913,-1.5872878119310734,3082.342107482702,"[11, 11, 38]","[0.11774032974632022, 0.13341897960831844, 0.7488406906453613]","[3.2628111300304843, 0.8242196945773415, 2.893348862065964, 3.484515803109743, 2.716587590829711, 1.8593082389987539]",0.12959644232607323,0.13352632922966925,0.1421649951102253,0.14162834610238964,0.11545451994332609,-1.3873600861337116,/home/sol856/jax-morph/results-natcompsci-2025/concentric-ring-my-own/trained_models_patterns_salt_pepper_sweep/wfrac_5/w12_1/ratio_1-1-4/ncells_60/visualizations_regenerated_sp/train-pattern-0-final.png,/home/sol856/jax-morph/results-natcompsci-2025/concentric-ring-my-own/trained_models_patterns_salt_pepper_sweep/wfrac_5/w12_1/ratio_1-1-4/ncells_60/visualizations_regenerated_sp/train-pattern-0-final-hide-type-3.png
wfrac_5/w12_1/ratio_1-1-4/ncells_60,train-pattern-3,-2.2342113104156858,-1.6494238785720063,4407.512226938145,"[7, 8, 45]","[0.1691559849455259, 0.17770082558399486, 0.6531431894704793]","[3.2010049413847446, 3.6702796313897172, 0.9112921368503344, 3.4763464893202896, 0.8043657292249345, 0.8135481326069253]",0.10860766450348826,0.12207033499932886,0.20135190442889356,0.37441176439815277,0.08797002385094117,-1.7470134048421093,/home/sol856/jax-morph/results-natcompsci-2025/concentric-ring-my-own/trained_models_patterns_salt_pepper_sweep/wfrac_5/w12_1/ratio_1-1-4/ncells_60/visualizations_regenerated_sp/train-pattern-3-final.png,/home/sol856/jax-morph/results-natcompsci-2025/concentric-ring-my-own/trained_models_patterns_salt_pepper_sweep/wfrac_5/w12_1/ratio_1-1-4/ncells_60/visualizations_regenerated_sp/train-pattern-3-final-hide-type-3.png
wfrac_1/w12_0/ratio_1-1-4/ncells_120,train-pattern-2,-2.2262823997688543,-1.732689567104253,17390.039289188855,"[20, 24, 76]","[0.08613009007674408, 0.22551141229599117, 0.6883584976272649]","[2.9592641730468863, 3.4415468622417382, 1.0268642946232558, 3.541000358732709, 0.804162824338413, 0.9683150291238359]",0.09642789560352204,0.0886003855736531,0.17751458086673574,0.14485654311117946,0.0423570581628351,-2.0184686599076724,/home/sol856/jax-morph/results-natcompsci-2025/concentric-ring-my-own/trained_models_patterns_salt_pepper_sweep/wfrac_1/w12_0/ratio_1-1-4/ncells_120/visualizations_regenerated_sp/train-pattern-2-final.png,/home/sol856/jax-morph/results-natcompsci-2025/concentric-ring-my-own/trained_models_patterns_salt_pepper_sweep/wfrac_1/w12_0/ratio_1-1-4/ncells_120/visualizations_regenerated_sp/train-pattern-2-final-hide-type-3.png
wfrac_0/w12_1/ratio_1-1-4/ncells_60,train-pattern-0,-2.2252281152096978,-1.4160401898417496,5133.079342737585,"[6, 3, 51]","[0.07055608994111749, 0.014718661988599443, 0.9147252480702831]","[3.1018943237252126, 3.5024985109031643, 0.903525969386897, 0.970736889300347, 1.0829312478160151, 0.8767774336096321]",0.1820412896900222,0.1727958348948276,0.1759394789049114,0.29395226734855995,0.10379823223284913,-1.7702642471237338,/home/sol856/jax-morph/results-natcompsci-2025/concentric-ring-my-own/trained_models_patterns_salt_pepper_sweep/wfrac_0/w12_1/ratio_1-1-4/ncells_60/visualizations_regenerated_sp/train-pattern-0-final.png,/home/sol856/jax-morph/results-natcompsci-2025/concentric-ring-my-own/trained_models_patterns_salt_pepper_sweep/wfrac_0/w12_1/ratio_1-1-4/ncells_60/visualizations_regenerated_sp/train-pattern-0-final-hide-type-3.png
wfrac_5/w12_1/ratio_1-1-4/ncells_40,train-pattern-3,-2.2170476362722775,-1.429817412156289,1646.0982596197523,"[2, 9, 29]","[0.14126915909275228, 0.1814353658085776, 0.6772954750986702]","[3.6838133778346247, 3.4197017127279628, 1.0771629679263541, 3.581543486297724, 0.8635076204851283, 0.9773093451370143]",0.11614290586950077,0.14525805450781754,0.2150307427808828,0.3348636089048213,0.11339316830511764,-1.7098335698721427,/home/sol856/jax-morph/results-natcompsci-2025/concentric-ring-my-own/trained_models_patterns_salt_pepper_sweep/wfrac_5/w12_1/ratio_1-1-4/ncells_40/visualizations_regenerated_sp/train-pattern-3-final.png,/home/sol856/jax-morph/results-natcompsci-2025/concentric-ring-my-own/trained_models_patterns_salt_pepper_sweep/wfrac_5/w12_1/ratio_1-1-4/ncells_40/visualizations_regenerated_sp/train-pattern-3-final-hide-type-3.png
wfrac_0/w12_1/ratio_1-1-8/ncells_120,train-pattern-0,-2.212946471277367,-1.8897302051650668,25869.479916113596,"[7, 14, 99]","[0.010929254892563843, 0.0628742311946637, 0.9261965139127726]","[1.6322470638692372, 3.708224789147338, 1.0719279590345603, 3.0508675070746936, 1.0123473682700543, 0.8449123593525488]",0.0948350718805007,0.08402318227111559,0.17067624887468705,0.2590393598002895,0.0489602678946574,-1.9578071381438915,/home/sol856/jax-morph/results-natcompsci-2025/concentric-ring-my-own/trained_models_patterns_salt_pepper_sweep/wfrac_0/w12_1/ratio_1-1-8/ncells_120/visualizations_regenerated_sp/train-pattern-0-final.png,/home/sol856/jax-morph/results-natcompsci-2025/concentric-ring-my-own/trained_models_patterns_salt_pepper_sweep/wfrac_0/w12_1/ratio_1-1-8/ncells_120/visualizations_regenerated_sp/train-pattern-0-final-hide-type-3.png
wfrac_1/w12_1/ratio_1-1-4/ncells_120,train-pattern-2,-2.207916649028835,-0.400562133429712,19036.120471606522,"[17, 14, 89]","[0.12861339573240743, 0.1312600474658674, 0.7401265568017252]","[1.7959696050309089, 2.5495406677319803, 1.741917273499275, 1.2020252750578515, 3.579096033980269, 2.7611059319032067]",0.1810815245666233,0.08899258082768353,0.11665202614350861,0.04135417331648637,0.07266060468524287,-1.6582564157688469,/home/sol856/jax-morph/results-natcompsci-2025/concentric-ring-my-own/trained_models_patterns_salt_pepper_sweep/wfrac_1/w12_1/ratio_1-1-4/ncells_120/visualizations_regenerated_sp/train-pattern-2-final.png,/home/sol856/jax-morph/results-natcompsci-2025/concentric-ring-my-own/trained_models_patterns_salt_pepper_sweep/wfrac_1/w12_1/ratio_1-1-4/ncells_120/visualizations_regenerated_sp/train-pattern-2-final-hide-type-3.png
wfrac_5/w12_1/ratio_1-1-8/ncells_120,train-pattern-2,-2.2060218248682686,-1.4353476199414088,22001.450502417505,"[15, 14, 91]","[0.11482899797685539, 0.07872555176061317, 0.8064454502625313]","[3.603237635623594, 3.392984427230669, 1.165891529843721, 1.202339943874256, 1.2312559178530975, 1.1816411433994531]",0.08166255390475684,0.09141870602267257,0.1552618600245404,0.16257624142251362,0.04915927476291602,-1.9295575888578838,/home/sol856/jax-morph/results-natcompsci-2025/concentric-ring-my-own/trained_models_patterns_salt_pepper_sweep/wfrac_5/w12_1/ratio_1-1-8/ncells_120/visualizations_regenerated_sp/train-pattern-2-final.png,/home/sol856/jax-morph/results-natcompsci-2025/concentric-ring-my-own/trained_models_patterns_salt_pepper_sweep/wfrac_5/w12_1/ratio_1-1-8/ncells_120/visualizations_regenerated_sp/train-pattern-2-final-hide-type-3.png
wfrac_1/w12_0/ratio_1-1-4/ncells_60,train-pattern-3,-2.1862817771412613,-1.568109418693152,4716.266024791183,"[3, 11, 46]","[0.046933531014578096, 0.27262461457261833, 0.6804418544128036]","[3.150574944832062, 3.421130407249417, 0.9916566940545097, 3.7060412819523982, 0.8020271497932209, 0.887122110054082]",0.11762541870840579,0.11020987679425663,0.2051346588462115,0.3792862179272241,0.07799559028866274,-1.7254779002971816,/home/sol856/jax-morph/results-natcompsci-2025/concentric-ring-my-own/trained_models_patterns_salt_pepper_sweep/wfrac_1/w12_0/ratio_1-1-4/ncells_60/visualizations_regenerated_sp/train-pattern-3-final.png,/home/sol856/jax-morph/results-natcompsci-2025/concentric-ring-my-own/trained_models_patterns_salt_pepper_sweep/wfrac_1/w12_0/ratio_1-1-4/ncells_60/visualizations_regenerated_sp/train-pattern-3-final-hide-type-3.png
wfrac_0/w12_1/ratio_1-1-8/ncells_120,train-pattern-2,-2.1782168259667944,-0.6082072959272633,22944.66700929667,"[16, 6, 98]","[0.06401926979776194, 0.012984375777229789, 0.9229963544250083]","[3.417664040107348, 0.8580061676807245, 1.5820234700103586, 3.020711363329018, 3.3577033115891917, 1.6831124701622693]",0.10794581467910483,0.0695922302691373,0.12366619465412851,0.1663725842445144,0.06638888482348192,-1.7645374889826104,/home/sol856/jax-morph/results-natcompsci-2025/concentric-ring-my-own/trained_models_patterns_salt_pepper_sweep/wfrac_0/w12_1/ratio_1-1-8/ncells_120/visualizations_regenerated_sp/train-pattern-2-final.png,/home/sol856/jax-morph/results-natcompsci-2025/concentric-ring-my-own/trained_models_patterns_salt_pepper_sweep/wfrac_0/w12_1/ratio_1-1-8/ncells_120/visualizations_regenerated_sp/train-pattern-2-final-hide-type-3.png
wfrac_5/w12_0/ratio_1-1-4/ncells_60,train-pattern-0,-2.176339186599041,-0.9340223242352841,2888.3573521030453,"[10, 17, 33]","[0.11425973803948862, 0.1920644108504552, 0.693675851110056]","[1.6707362612191041, 3.7216027902467586, 1.7427253165350018, 3.7670679972816066, 1.5799872374662902, 1.4493987545381333]",0.1253158990250599,0.10873757231428155,0.18150174386860282,0.18639660552337198,0.0709162661575903,-1.6603388603760214,/home/sol856/jax-morph/results-natcompsci-2025/concentric-ring-my-own/trained_models_patterns_salt_pepper_sweep/wfrac_5/w12_0/ratio_1-1-4/ncells_60/visualizations_regenerated_sp/train-pattern-0-final.png,/home/sol856/jax-morph/results-natcompsci-2025/concentric-ring-my-own/trained_models_patterns_salt_pepper_sweep/wfrac_5/w12_0/ratio_1-1-4/ncells_60/visualizations_regenerated_sp/train-pattern-0-final-hide-type-3.png
wfrac_5/w12_0/ratio_1-1-4/ncells_120,train-pattern-3,-2.167176602224818,-1.6733130268410064,21363.222173525,"[15, 17, 88]","[0.16497089984455898, 0.17165807249063192, 0.6633710276648092]","[3.377618097971686, 3.0429022000718, 0.920212695528766, 3.1125270229464714, 1.0730082343096545, 0.9163312490354009]",0.10183873968244318,0.09095285897421095,0.16934085233495236,0.1895753458104078,0.05196097696513334,-2.1185245879359282,/home/sol856/jax-morph/results-natcompsci-2025/concentric-ring-my-own/trained_models_patterns_salt_pepper_sweep/wfrac_5/w12_0/ratio_1-1-4/ncells_120/visualizations_regenerated_sp/train-pattern-3-final.png,/home/sol856/jax-morph/results-natcompsci-2025/concentric-ring-my-own/trained_models_patterns_salt_pepper_sweep/wfrac_5/w12_0/ratio_1-1-4/ncells_120/visualizations_regenerated_sp/train-pattern-3-final-hide-type-3.png
wfrac_5/w12_1/ratio_1-1-4/ncells_40,train-pattern-0,-2.1664854429966334,-1.304572417523098,1465.0127813431081,"[7, 6, 27]","[0.14314780281330636, 0.12821835859311392, 0.7286338385935797]","[3.563216824463656, 3.6931992408119907, 1.8999922026187825, 3.2124176652014826, 2.1761638408135147, 1.509825528235031]",0.09649707425970366,0.12216556693285748,0.18936614503352509,0.3577907722674687,0.10396489062354657,-1.420955134092581,/home/sol856/jax-morph/results-natcompsci-2025/concentric-ring-my-own/trained_models_patterns_salt_pepper_sweep/wfrac_5/w12_1/ratio_1-1-4/ncells_40/visualizations_regenerated_sp/train-pattern-0-final.png,/home/sol856/jax-morph/results-natcompsci-2025/concentric-ring-my-own/trained_models_patterns_salt_pepper_sweep/wfrac_5/w12_1/ratio_1-1-4/ncells_40/visualizations_regenerated_sp/train-pattern-0-final-hide-type-3.png
wfrac_1/w12_1/ratio_1-1-8/ncells_40,train-pattern-3,-2.165070754479738,-1.2685131544312698,1702.8027946989498,"[2, 9, 29]","[0.030133955946049742, 0.18574739827850656, 0.7841186457754438]","[3.200757508838759, 3.484953306753594, 0.9970062322478394, 3.2335417168782037, 0.8858743811205056, 1.0564611149215495]",0.09968709721870267,0.14472100930812482,0.21759334499370153,0.39092499637477385,0.1057957018362913,-1.5881912084781655,/home/sol856/jax-morph/results-natcompsci-2025/concentric-ring-my-own/trained_models_patterns_salt_pepper_sweep/wfrac_1/w12_1/ratio_1-1-8/ncells_40/visualizations_regenerated_sp/train-pattern-3-final.png,/home/sol856/jax-morph/results-natcompsci-2025/concentric-ring-my-own/trained_models_patterns_salt_pepper_sweep/wfrac_1/w12_1/ratio_1-1-8/ncells_40/visualizations_regenerated_sp/train-pattern-3-final-hide-type-3.png
wfrac_0/w12_0/ratio_1-1-8/ncells_120,train-pattern-0,-2.1604070277514107,-1.96120382940556,18424.344461560002,"[32, 10, 78]","[0.23837153153224336, 0.027292205802375888, 0.7343362626653807]","[3.7469700907922006, 3.683265436005523, 0.8145327897354536, 1.6815247810919445, 0.9826287558113365, 0.9990377348420343]",0.08968376822019287,0.09541072636146328,0.1740423801357055,0.15740419654600923,0.04309268090900056,-2.0469189281373814,/home/sol856/jax-morph/results-natcompsci-2025/concentric-ring-my-own/trained_models_patterns_salt_pepper_sweep/wfrac_0/w12_0/ratio_1-1-8/ncells_120/visualizations_regenerated_sp/train-pattern-0-final.png,/home/sol856/jax-morph/results-natcompsci-2025/concentric-ring-my-own/trained_models_patterns_salt_pepper_sweep/wfrac_0/w12_0/ratio_1-1-8/ncells_120/visualizations_regenerated_sp/train-pattern-0-final-hide-type-3.png
wfrac_0/w12_1/ratio_1-1-8/ncells_40,train-pattern-0,-2.155815366760177,-1.3695610386650334,2385.17475660095,"[2, 2, 36]","[0.01000094852927335, 0.010742675429540868, 0.9792563760411858]","[3.369284549907282, 3.061449784959243, 1.0617871284801355, 3.2099619870789295, 1.0305379761710625, 0.8255787006862655]",0.09942082705865048,0.11854962064022662,0.2267929080962999,0.8125541076514454,0.10586918622541332,-1.4662031265475441,/home/sol856/jax-morph/results-natcompsci-2025/concentric-ring-my-own/trained_models_patterns_salt_pepper_sweep/wfrac_0/w12_1/ratio_1-1-8/ncells_40/visualizations_regenerated_sp/train-pattern-0-final.png,/home/sol856/jax-morph/results-natcompsci-2025/concentric-ring-my-own/trained_models_patterns_salt_pepper_sweep/wfrac_0/w12_1/ratio_1-1-8/ncells_40/visualizations_regenerated_sp/train-pattern-0-final-hide-type-3.png
wfrac_1/w12_1/ratio_1-1-4/ncells_60,train-pattern-2,-2.1532910319230627,-1.6316455330083615,3854.5033580073223,"[14, 3, 43]","[0.26717531407956185, 0.020771203081850955, 0.712053482838587]","[3.685264519526479, 3.4921760667049195, 0.8137840746382827, 0.9020648650870644, 1.1664341280340713, 1.1358023316452728]",0.11838927003559883,0.1399895297607386,0.16845530833257555,0.25869689878877244,0.10154530890845925,-1.800257763211955,/home/sol856/jax-morph/results-natcompsci-2025/concentric-ring-my-own/trained_models_patterns_salt_pepper_sweep/wfrac_1/w12_1/ratio_1-1-4/ncells_60/visualizations_regenerated_sp/train-pattern-2-final.png,/home/sol856/jax-morph/results-natcompsci-2025/concentric-ring-my-own/trained_models_patterns_salt_pepper_sweep/wfrac_1/w12_1/ratio_1-1-4/ncells_60/visualizations_regenerated_sp/train-pattern-2-final-hide-type-3.png
wfrac_1/w12_1/ratio_1-1-8/ncells_40,train-pattern-4,-2.146871412941704,-1.8337332704065454,1806.129941925559,"[5, 5, 30]","[0.09879716826861631, 0.11726365594140233, 0.7839391757899815]","[3.2167584689425626, 3.2535792608764336, 0.860057333659701, 3.737712881567271, 0.8649731643813705, 0.8074023337839108]",0.13648126977954797,0.11122789378288882,0.23591067984361927,0.30579828508095247,0.07695141117228067,-1.4650183996968673,/home/sol856/jax-morph/results-natcompsci-2025/concentric-ring-my-own/trained_models_patterns_salt_pepper_sweep/wfrac_1/w12_1/ratio_1-1-8/ncells_40/visualizations_regenerated_sp/train-pattern-4-final.png,/home/sol856/jax-morph/results-natcompsci-2025/concentric-ring-my-own/trained_models_patterns_salt_pepper_sweep/wfrac_1/w12_1/ratio_1-1-8/ncells_40/visualizations_regenerated_sp/train-pattern-4-final-hide-type-3.png
wfrac_1/w12_1/ratio_1-1-4/ncells_60,train-pattern-4,-2.137763970640936,-1.3667754178421532,5638.088879509545,"[3, 4, 53]","[0.02237616425391621, 0.023462516119887446, 0.9541613196261963]","[3.5115257980911023, 3.319882328226507, 1.5649172134866622, 3.2389625766130683, 1.7836880772684787, 1.2401195578340232]",0.09508545213883203,0.09657702609855742,0.1635742949341794,0.41268202837994317,0.09585165240813977,-1.5847901127386614,/home/sol856/jax-morph/results-natcompsci-2025/concentric-ring-my-own/trained_models_patterns_salt_pepper_sweep/wfrac_1/w12_1/ratio_1-1-4/ncells_60/visualizations_regenerated_sp/train-pattern-4-final.png,/home/sol856/jax-morph/results-natcompsci-2025/concentric-ring-my-own/trained_models_patterns_salt_pepper_sweep/wfrac_1/w12_1/ratio_1-1-4/ncells_60/visualizations_regenerated_sp/train-pattern-4-final-hide-type-3.png
wfrac_1/w12_1/ratio_1-1-8/ncells_120,train-pattern-0,-2.136960879618637,-1.5551665950945648,27036.829342146728,"[7, 7, 106]","[0.022184538332802987, 0.010426007367549762, 0.9673894542996472]","[2.958697170490627, 3.134000257792821, 2.4241216547428914, 2.3440846483634665, 2.55145498638207, 1.5700269220783247]",0.08541856267098084,0.0922902050617157,0.1338387191876117,0.12245772867723972,0.06022790294630019,-1.740804144395916,/home/sol856/jax-morph/results-natcompsci-2025/concentric-ring-my-own/trained_models_patterns_salt_pepper_sweep/wfrac_1/w12_1/ratio_1-1-8/ncells_120/visualizations_regenerated_sp/train-pattern-0-final.png,/home/sol856/jax-morph/results-natcompsci-2025/concentric-ring-my-own/trained_models_patterns_salt_pepper_sweep/wfrac_1/w12_1/ratio_1-1-8/ncells_120/visualizations_regenerated_sp/train-pattern-0-final-hide-type-3.png
wfrac_1/w12_1/ratio_1-1-4/ncells_40,train-pattern-3,-2.1312498736539247,-1.4251944464994954,1789.6423184365883,"[2, 8, 30]","[0.012884417984491097, 0.11307797396619217, 0.8740376080493167]","[3.061836190630099, 3.4906240247175626, 2.0152922812437595, 3.6620238127013263, 1.6854211995057604, 1.357705904355971]",0.10520269908157993,0.10312884607298538,0.22105092090561596,0.5068778375459652,0.09334805652557428,-1.4467778726624638,/home/sol856/jax-morph/results-natcompsci-2025/concentric-ring-my-own/trained_models_patterns_salt_pepper_sweep/wfrac_1/w12_1/ratio_1-1-4/ncells_40/visualizations_regenerated_sp/train-pattern-3-final.png,/home/sol856/jax-morph/results-natcompsci-2025/concentric-ring-my-own/trained_models_patterns_salt_pepper_sweep/wfrac_1/w12_1/ratio_1-1-4/ncells_40/visualizations_regenerated_sp/train-pattern-3-final-hide-type-3.png
wfrac_0/w12_1/ratio_1-1-8/ncells_40,train-pattern-1,-2.1168645185057806,-1.8192942864698916,2285.359538142161,"[2, 2, 36]","[0.004080715299502229, 0.005900509474027515, 0.9900187752264702]","[3.6563133594732395, 1.1318064988349748, 3.1932165604260643, 3.382670981938624, 2.887757301829655, 1.7481820286943963]",0.10719684277588164,0.10910445914014454,0.174878224533175,0.2497292935000297,0.1280823408475111,-1.2881625865605653,/home/sol856/jax-morph/results-natcompsci-2025/concentric-ring-my-own/trained_models_patterns_salt_pepper_sweep/wfrac_0/w12_1/ratio_1-1-8/ncells_40/visualizations_regenerated_sp/train-pattern-1-final.png,/home/sol856/jax-morph/results-natcompsci-2025/concentric-ring-my-own/trained_models_patterns_salt_pepper_sweep/wfrac_0/w12_1/ratio_1-1-8/ncells_40/visualizations_regenerated_sp/train-pattern-1-final-hide-type-3.png
wfrac_0/w12_1/ratio_1-1-4/ncells_40,train-pattern-2,-2.1009976286073466,-1.5120454375630337,2353.729459390577,"[2, 2, 36]","[0.0057845246736450764, 0.014160133586225851, 0.980055341740129]","[3.2077495588937115, 2.616034012197522, 1.6722641008258416, 3.6845851706171038, 1.5932179159380264, 1.1923630855935012]",0.08774117088444869,0.10563650445955049,0.1866296688368046,0.6869337491253242,0.12179574253550149,-1.3466829769112727,/home/sol856/jax-morph/results-natcompsci-2025/concentric-ring-my-own/trained_models_patterns_salt_pepper_sweep/wfrac_0/w12_1/ratio_1-1-4/ncells_40/visualizations_regenerated_sp/train-pattern-2-final.png,/home/sol856/jax-morph/results-natcompsci-2025/concentric-ring-my-own/trained_models_patterns_salt_pepper_sweep/wfrac_0/w12_1/ratio_1-1-4/ncells_40/visualizations_regenerated_sp/train-pattern-2-final-hide-type-3.png
wfrac_1/w12_0/ratio_1-1-4/ncells_120,train-pattern-1,-2.0929425460732665,0.13993068423894345,15814.814261304122,"[15, 26, 79]","[0.10040091638646867, 0.13671400007089796, 0.7628850835426334]","[3.148362171816049, 2.137175288395193, 1.2134757741388404, 3.0712576795559983, 1.124634273862792, 2.7635145223548445]",0.11034365148213263,0.11024411642870603,0.11670511271446413,0.06256982195811044,0.07014003166484027,-1.6703641945730847,/home/sol856/jax-morph/results-natcompsci-2025/concentric-ring-my-own/trained_models_patterns_salt_pepper_sweep/wfrac_1/w12_0/ratio_1-1-4/ncells_120/visualizations_regenerated_sp/train-pattern-1-final.png,/home/sol856/jax-morph/results-natcompsci-2025/concentric-ring-my-own/trained_models_patterns_salt_pepper_sweep/wfrac_1/w12_0/ratio_1-1-4/ncells_120/visualizations_regenerated_sp/train-pattern-1-final-hide-type-3.png
wfrac_5/w12_1/ratio_1-1-4/ncells_40,train-pattern-1,-2.08541793032038,-1.5177618416051863,1754.3574118212782,"[7, 3, 30]","[0.19921633424460794, 0.04862790727192986, 0.7521557584834623]","[3.7294772023248157, 3.487957439843364, 1.5348428516843662, 1.8632185373116628, 1.9473813808703822, 1.3001757397091942]",0.13154184894823664,0.09873961307082225,0.2085837809206825,0.44322908622978313,0.10620122706298024,-1.4570093732469231,/home/sol856/jax-morph/results-natcompsci-2025/concentric-ring-my-own/trained_models_patterns_salt_pepper_sweep/wfrac_5/w12_1/ratio_1-1-4/ncells_40/visualizations_regenerated_sp/train-pattern-1-final.png,/home/sol856/jax-morph/results-natcompsci-2025/concentric-ring-my-own/trained_models_patterns_salt_pepper_sweep/wfrac_5/w12_1/ratio_1-1-4/ncells_40/visualizations_regenerated_sp/train-pattern-1-final-hide-type-3.png
wfrac_0/w12_0/ratio_1-1-4/ncells_120,train-pattern-1,-2.0841579316757644,-1.7368593476402403,22053.35200273021,"[15, 11, 94]","[0.09926334417708103, 0.06049639251538169, 0.8402402633075373]","[3.6250634791293876, 3.623347410261797, 1.1156492248334016, 3.297446462658985, 1.08318114727596, 1.318715151568672]",0.09831227901884163,0.09489114776562582,0.14199137452511693,0.19027371777386443,0.05999723018489465,-2.1068573605601126,/home/sol856/jax-morph/results-natcompsci-2025/concentric-ring-my-own/trained_models_patterns_salt_pepper_sweep/wfrac_0/w12_0/ratio_1-1-4/ncells_120/visualizations_regenerated_sp/train-pattern-1-final.png,/home/sol856/jax-morph/results-natcompsci-2025/concentric-ring-my-own/trained_models_patterns_salt_pepper_sweep/wfrac_0/w12_0/ratio_1-1-4/ncells_120/visualizations_regenerated_sp/train-pattern-1-final-hide-type-3.png
wfrac_1/w12_1/ratio_1-1-4/ncells_40,train-pattern-4,-2.0831425368655947,-1.375233271566027,1920.7326871818518,"[5, 2, 33]","[0.0980465356837539, 0.008230307226405865, 0.8937231570898403]","[3.6544882503831593, 3.3986587363052907, 1.7644368580285072, 3.7300532160574518, 2.007866596055452, 1.4104732774352735]",0.12250323298728047,0.13005206030894242,0.16893636349222263,0.170852993807097,0.13847342572966756,-1.3510466954237201,/home/sol856/jax-morph/results-natcompsci-2025/concentric-ring-my-own/trained_models_patterns_salt_pepper_sweep/wfrac_1/w12_1/ratio_1-1-4/ncells_40/visualizations_regenerated_sp/train-pattern-4-final.png,/home/sol856/jax-morph/results-natcompsci-2025/concentric-ring-my-own/trained_models_patterns_salt_pepper_sweep/wfrac_1/w12_1/ratio_1-1-4/ncells_40/visualizations_regenerated_sp/train-pattern-4-final-hide-type-3.png
wfrac_5/w12_1/ratio_1-1-4/ncells_60,train-pattern-4,-2.0829510062217826,-1.6974484720291663,3564.9680372767334,"[10, 9, 41]","[0.174122675945727, 0.16928401830857598, 0.6565933057456971]","[3.60081115985981, 2.7558665008548324, 1.0073553312934742, 3.74229727254538, 0.8921462894836919, 1.0568048620207173]",0.12838681905738145,0.13128016381429047,0.17164975483601516,0.26461198127177005,0.099002374204166,-1.8441192388978045,/home/sol856/jax-morph/results-natcompsci-2025/concentric-ring-my-own/trained_models_patterns_salt_pepper_sweep/wfrac_5/w12_1/ratio_1-1-4/ncells_60/visualizations_regenerated_sp/train-pattern-4-final.png,/home/sol856/jax-morph/results-natcompsci-2025/concentric-ring-my-own/trained_models_patterns_salt_pepper_sweep/wfrac_5/w12_1/ratio_1-1-4/ncells_60/visualizations_regenerated_sp/train-pattern-4-final-hide-type-3.png
wfrac_1/w12_1/ratio_1-1-8/ncells_60,train-pattern-0,-2.0803287051015773,-1.3819986890156928,5734.47702440116,"[4, 3, 53]","[0.05730099615076432, 0.00995617106687534, 0.9327428327823604]","[3.7743412942843504, 3.660277575433474, 1.2221378858305938, 3.746294766165243, 1.2839670225077153, 1.0860061767990359]",0.10669967500404759,0.12263367271445046,0.1693940457969431,0.5294086343360679,0.09643127474343191,-1.681052582655221,/home/sol856/jax-morph/results-natcompsci-2025/concentric-ring-my-own/trained_models_patterns_salt_pepper_sweep/wfrac_1/w12_1/ratio_1-1-8/ncells_60/visualizations_regenerated_sp/train-pattern-0-final.png,/home/sol856/jax-morph/results-natcompsci-2025/concentric-ring-my-own/trained_models_patterns_salt_pepper_sweep/wfrac_1/w12_1/ratio_1-1-8/ncells_60/visualizations_regenerated_sp/train-pattern-0-final-hide-type-3.png
wfrac_0/w12_1/ratio_1-1-8/ncells_60,train-pattern-1,-2.0746801310745875,-1.467131941606095,5896.907045296423,"[3, 3, 54]","[0.007307269026260685, 0.005003353586332018, 0.9876893773874073]","[3.459602182589175, 3.271026083041212, 2.081637144338992, 3.3729066683162614, 2.176768578188546, 1.40883799032121]",0.08346385918604592,0.08811415543865715,0.16037489046828107,0.6355580730067625,0.09623580546201593,-1.5064086949517446,/home/sol856/jax-morph/results-natcompsci-2025/concentric-ring-my-own/trained_models_patterns_salt_pepper_sweep/wfrac_0/w12_1/ratio_1-1-8/ncells_60/visualizations_regenerated_sp/train-pattern-1-final.png,/home/sol856/jax-morph/results-natcompsci-2025/concentric-ring-my-own/trained_models_patterns_salt_pepper_sweep/wfrac_0/w12_1/ratio_1-1-8/ncells_60/visualizations_regenerated_sp/train-pattern-1-final-hide-type-3.png
wfrac_1/w12_1/ratio_1-1-4/ncells_40,train-pattern-2,-2.07387205212805,-1.5147575339552815,1731.7178008918172,"[2, 9, 29]","[0.016738244735893738, 0.21099016590960235, 0.772271589354504]","[3.2524788659641617, 3.6800142038451353, 1.2771965414530986, 3.7953709563178, 0.9418749040140295, 1.0585349113906657]",0.11423329392549304,0.10910722931699413,0.22148766582013865,0.42343207805663413,0.0854859736205539,-1.4930068144159576,/home/sol856/jax-morph/results-natcompsci-2025/concentric-ring-my-own/trained_models_patterns_salt_pepper_sweep/wfrac_1/w12_1/ratio_1-1-4/ncells_40/visualizations_regenerated_sp/train-pattern-2-final.png,/home/sol856/jax-morph/results-natcompsci-2025/concentric-ring-my-own/trained_models_patterns_salt_pepper_sweep/wfrac_1/w12_1/ratio_1-1-4/ncells_40/visualizations_regenerated_sp/train-pattern-2-final-hide-type-3.png
wfrac_5/w12_1/ratio_1-1-4/ncells_60,train-pattern-1,-2.0681555099540154,-1.4371095529019453,3781.623113117089,"[8, 11, 41]","[0.10943927897775853, 0.19286570436506859, 0.697695016657173]","[1.9363737102448013, 3.7585152357329417, 1.6653949902244096, 3.5602534845808007, 1.0974218722732714, 1.4110674819844236]",0.1073882713574387,0.10667240601228384,0.17404855690256185,0.18196535235381625,0.07770750468739897,-1.5962288769152955,/home/sol856/jax-morph/results-natcompsci-2025/concentric-ring-my-own/trained_models_patterns_salt_pepper_sweep/wfrac_5/w12_1/ratio_1-1-4/ncells_60/visualizations_regenerated_sp/train-pattern-1-final.png,/home/sol856/jax-morph/results-natcompsci-2025/concentric-ring-my-own/trained_models_patterns_salt_pepper_sweep/wfrac_5/w12_1/ratio_1-1-4/ncells_60/visualizations_regenerated_sp/train-pattern-1-final-hide-type-3.png
wfrac_5/w12_0/ratio_1-1-4/ncells_60,train-pattern-4,-2.062309019872009,-1.6940983980285231,3461.6761259521713,"[10, 9, 41]","[0.17737853027580616, 0.16935472309885458, 0.6532667466253392]","[3.386746986176348, 3.7640318693773525, 1.0213741271470127, 3.380924648511434, 1.04180389628129, 1.1370402925878071]",0.15266858276806866,0.13002721282704702,0.1773169172587214,0.2611578742041058,0.11251059458362704,-1.9394343047942324,/home/sol856/jax-morph/results-natcompsci-2025/concentric-ring-my-own/trained_models_patterns_salt_pepper_sweep/wfrac_5/w12_0/ratio_1-1-4/ncells_60/visualizations_regenerated_sp/train-pattern-4-final.png,/home/sol856/jax-morph/results-natcompsci-2025/concentric-ring-my-own/trained_models_patterns_salt_pepper_sweep/wfrac_5/w12_0/ratio_1-1-4/ncells_60/visualizations_regenerated_sp/train-pattern-4-final-hide-type-3.png
wfrac_5/w12_1/ratio_1-1-4/ncells_40,train-pattern-2,-2.0619534857531043,-1.513092979262107,1264.58080402194,"[9, 8, 23]","[0.16303169608244106, 0.17379420167823142, 0.6631741022393275]","[3.681473748848557, 3.177311458590278, 0.8711989435146006, 3.669189310135967, 0.8668775427131167, 0.8054581808300464]",0.14406404204861634,0.11912651337136673,0.27307338665494874,0.3002073103266053,0.06617815175602565,-1.5882160550376923,/home/sol856/jax-morph/results-natcompsci-2025/concentric-ring-my-own/trained_models_patterns_salt_pepper_sweep/wfrac_5/w12_1/ratio_1-1-4/ncells_40/visualizations_regenerated_sp/train-pattern-2-final.png,/home/sol856/jax-morph/results-natcompsci-2025/concentric-ring-my-own/trained_models_patterns_salt_pepper_sweep/wfrac_5/w12_1/ratio_1-1-4/ncells_40/visualizations_regenerated_sp/train-pattern-2-final-hide-type-3.png
wfrac_0/w12_0/ratio_1-1-4/ncells_60,train-pattern-0,-2.0581871420324593,-1.1999999335882545,5424.690152348965,"[4, 4, 52]","[0.035061988649329245, 0.01792868887017185, 0.947009322480499]","[3.748183166201523, 0.8278511281417884, 1.1892766941441102, 3.0547715957729613, 1.1385107355095658, 1.0353760778698002]",0.09834046871421884,0.15503734770366898,0.19238947707389875,0.058552866747717834,0.08988045653544492,-1.455283174945894,/home/sol856/jax-morph/results-natcompsci-2025/concentric-ring-my-own/trained_models_patterns_salt_pepper_sweep/wfrac_0/w12_0/ratio_1-1-4/ncells_60/visualizations_regenerated_sp/train-pattern-0-final.png,/home/sol856/jax-morph/results-natcompsci-2025/concentric-ring-my-own/trained_models_patterns_salt_pepper_sweep/wfrac_0/w12_0/ratio_1-1-4/ncells_60/visualizations_regenerated_sp/train-pattern-0-final-hide-type-3.png
wfrac_0/w12_0/ratio_1-1-4/ncells_60,train-pattern-4,-2.0419035980753986,-1.7060259513946805,2740.689659419254,"[21, 8, 31]","[0.3745825712755022, 0.15366837499463668, 0.4717490537298612]","[3.7706644537928957, 3.784355279089297, 0.8650868274647733, 2.9498068412399583, 0.8590956316582918, 0.9396134896193786]",0.1307394519179808,0.11747977940897447,0.21541412128739096,0.16466154793699522,0.0853969648493272,-1.9430718229906576,/home/sol856/jax-morph/results-natcompsci-2025/concentric-ring-my-own/trained_models_patterns_salt_pepper_sweep/wfrac_0/w12_0/ratio_1-1-4/ncells_60/visualizations_regenerated_sp/train-pattern-4-final.png,/home/sol856/jax-morph/results-natcompsci-2025/concentric-ring-my-own/trained_models_patterns_salt_pepper_sweep/wfrac_0/w12_0/ratio_1-1-4/ncells_60/visualizations_regenerated_sp/train-pattern-4-final-hide-type-3.png
wfrac_1/w12_1/ratio_1-1-4/ncells_60,train-pattern-3,-2.040379931579547,-1.4867696724223154,4169.039638104905,"[8, 10, 42]","[0.18281015932017838, 0.23221903445660158, 0.5849708062232201]","[3.772578971082753, 3.646574648168073, 0.8011616050615317, 3.167133473266899, 0.8143668530436649, 0.8359530979900748]",0.1123113181139737,0.13053752755164807,0.21196731575096356,0.30496968414324405,0.07798352785769318,-1.790446962366149,/home/sol856/jax-morph/results-natcompsci-2025/concentric-ring-my-own/trained_models_patterns_salt_pepper_sweep/wfrac_1/w12_1/ratio_1-1-4/ncells_60/visualizations_regenerated_sp/train-pattern-3-final.png,/home/sol856/jax-morph/results-natcompsci-2025/concentric-ring-my-own/trained_models_patterns_salt_pepper_sweep/wfrac_1/w12_1/ratio_1-1-4/ncells_60/visualizations_regenerated_sp/train-pattern-3-final-hide-type-3.png
wfrac_0/w12_1/ratio_1-1-4/ncells_40,train-pattern-0,-2.0366188531061296,-1.65489050622461,2326.754879672858,"[2, 2, 36]","[0.008685811321322564, 0.01316863216929577, 0.9781455565093817]","[3.497177137010687, 3.7883765626661985, 1.8500534122233157, 3.296417516433289, 1.8693702316221585, 1.2510772382253017]",0.09538536339964641,0.10041463787284606,0.19234314915485998,0.9172450106617653,0.1189441414448836,-1.3825287471789294,/home/sol856/jax-morph/results-natcompsci-2025/concentric-ring-my-own/trained_models_patterns_salt_pepper_sweep/wfrac_0/w12_1/ratio_1-1-4/ncells_40/visualizations_regenerated_sp/train-pattern-0-final.png,/home/sol856/jax-morph/results-natcompsci-2025/concentric-ring-my-own/trained_models_patterns_salt_pepper_sweep/wfrac_0/w12_1/ratio_1-1-4/ncells_40/visualizations_regenerated_sp/train-pattern-0-final-hide-type-3.png
wfrac_1/w12_0/ratio_1-1-4/ncells_40,train-pattern-3,-2.0134811187370127,-0.6487968667178539,2297.8371249959146,"[2, 2, 36]","[0.009217245521808198, 0.011727812808273471, 0.9790549416699184]","[2.218503043012313, 3.4564315836815336, 3.04890336557009, 1.6154888047321023, 2.9752724325899713, 1.7477949511481325]",0.09888258292510328,0.09073584640540276,0.166795245322312,0.8681636735906483,0.1346455796833953,-1.328939474885993,/home/sol856/jax-morph/results-natcompsci-2025/concentric-ring-my-own/trained_models_patterns_salt_pepper_sweep/wfrac_1/w12_0/ratio_1-1-4/ncells_40/visualizations_regenerated_sp/train-pattern-3-final.png,/home/sol856/jax-morph/results-natcompsci-2025/concentric-ring-my-own/trained_models_patterns_salt_pepper_sweep/wfrac_1/w12_0/ratio_1-1-4/ncells_40/visualizations_regenerated_sp/train-pattern-3-final-hide-type-3.png
wfrac_1/w12_1/ratio_1-1-8/ncells_60,train-pattern-3,-2.008853923331296,-1.4383087284457343,5952.179330332192,"[3, 3, 54]","[0.007154417309003636, 0.008449609071629121, 0.9843959736193671]","[3.0807749432454017, 3.20205954635947, 1.0391354490623015, 3.325827941590288, 0.9794033252730578, 0.8460972786555951]",0.09931215112796742,0.11387885445330272,0.18797931642529364,0.23634709795526979,0.08765315027241669,-1.5725942251909928,/home/sol856/jax-morph/results-natcompsci-2025/concentric-ring-my-own/trained_models_patterns_salt_pepper_sweep/wfrac_1/w12_1/ratio_1-1-8/ncells_60/visualizations_regenerated_sp/train-pattern-3-final.png,/home/sol856/jax-morph/results-natcompsci-2025/concentric-ring-my-own/trained_models_patterns_salt_pepper_sweep/wfrac_1/w12_1/ratio_1-1-8/ncells_60/visualizations_regenerated_sp/train-pattern-3-final-hide-type-3.png
wfrac_0/w12_1/ratio_1-1-8/ncells_60,train-pattern-4,-2.001307263275909,-0.15001779038281318,5251.983399590417,"[3, 4, 53]","[0.01779174483072823, 0.02406313657886356, 0.9581451185904081]","[1.1659877858030154, 3.467384943770405, 3.298916761173672, 1.1265335075410783, 3.5571745622293625, 3.4031552860033614]",0.15897677663091614,0.156708928312892,0.14283964072297298,0.20101621733917813,0.12296826885962087,-1.7193858259669503,/home/sol856/jax-morph/results-natcompsci-2025/concentric-ring-my-own/trained_models_patterns_salt_pepper_sweep/wfrac_0/w12_1/ratio_1-1-8/ncells_60/visualizations_regenerated_sp/train-pattern-4-final.png,/home/sol856/jax-morph/results-natcompsci-2025/concentric-ring-my-own/trained_models_patterns_salt_pepper_sweep/wfrac_0/w12_1/ratio_1-1-8/ncells_60/visualizations_regenerated_sp/train-pattern-4-final-hide-type-3.png
wfrac_5/w12_0/ratio_1-1-4/ncells_40,train-pattern-2,-1.9999281544850127,-0.8973056291526159,1414.1511725848331,"[5, 8, 27]","[0.07841168331516886, 0.17555219898046995, 0.7460361177043613]","[0.9085408704571276, 3.575161348811176, 2.728249320788114, 3.698759517963368, 2.5320645937316497, 1.8215714335808988]",0.12821035603869368,0.12840455754341418,0.17467582628771003,0.33315966195947,0.12700327158521874,-1.366120781276866,/home/sol856/jax-morph/results-natcompsci-2025/concentric-ring-my-own/trained_models_patterns_salt_pepper_sweep/wfrac_5/w12_0/ratio_1-1-4/ncells_40/visualizations_regenerated_sp/train-pattern-2-final.png,/home/sol856/jax-morph/results-natcompsci-2025/concentric-ring-my-own/trained_models_patterns_salt_pepper_sweep/wfrac_5/w12_0/ratio_1-1-4/ncells_40/visualizations_regenerated_sp/train-pattern-2-final-hide-type-3.png
wfrac_0/w12_1/ratio_1-1-8/ncells_40,train-pattern-3,-1.988284530552592,-1.4807283846918189,1642.1551222637095,"[2, 9, 29]","[0.015789611109525134, 0.1563457280476627, 0.8278646608428123]","[1.6798051117954245, 3.6981455757992423, 2.065346878529354, 3.702136128140995, 1.3056218413361125, 1.3454354175628223]",0.09959898267400884,0.13224964155595006,0.2060955872115581,0.28822066463704954,0.11497072154412757,-1.588665575661924,/home/sol856/jax-morph/results-natcompsci-2025/concentric-ring-my-own/trained_models_patterns_salt_pepper_sweep/wfrac_0/w12_1/ratio_1-1-8/ncells_40/visualizations_regenerated_sp/train-pattern-3-final.png,/home/sol856/jax-morph/results-natcompsci-2025/concentric-ring-my-own/trained_models_patterns_salt_pepper_sweep/wfrac_0/w12_1/ratio_1-1-8/ncells_40/visualizations_regenerated_sp/train-pattern-3-final-hide-type-3.png
wfrac_5/w12_0/ratio_1-1-8/ncells_60,train-pattern-4,-1.9864941990649585,-1.3707233096947047,4413.263083510735,"[8, 6, 46]","[0.11393923400549992, 0.10330432258305317, 0.7827564434114469]","[3.4555375742646577, 3.7169686449190165, 0.8672015330833822, 3.780380066068018, 0.9312315444278004, 0.9277688232899663]",0.15721102569692535,0.10038228062644193,0.19055005694576063,0.2467293639214397,0.08911603553757667,-1.7976186540993233,/home/sol856/jax-morph/results-natcompsci-2025/concentric-ring-my-own/trained_models_patterns_salt_pepper_sweep/wfrac_5/w12_0/ratio_1-1-8/ncells_60/visualizations_regenerated_sp/train-pattern-4-final.png,/home/sol856/jax-morph/results-natcompsci-2025/concentric-ring-my-own/trained_models_patterns_salt_pepper_sweep/wfrac_5/w12_0/ratio_1-1-8/ncells_60/visualizations_regenerated_sp/train-pattern-4-final-hide-type-3.png
wfrac_0/w12_1/ratio_1-1-8/ncells_40,train-pattern-4,-1.9583914753785692,-1.7336864554767626,2324.8410691406375,"[2, 2, 36]","[0.004817822866271183, 0.005404724213135132, 0.9897774529205937]","[3.128764070013098, 2.4868329481638654, 1.595392535415055, 3.3462867708506536, 1.5457990405229118, 1.1270701088415787]",0.1145417895034886,0.10797653770980699,0.18082749366077272,0.6297529393194896,0.12640601005120639,-1.4309047149713647,/home/sol856/jax-morph/results-natcompsci-2025/concentric-ring-my-own/trained_models_patterns_salt_pepper_sweep/wfrac_0/w12_1/ratio_1-1-8/ncells_40/visualizations_regenerated_sp/train-pattern-4-final.png,/home/sol856/jax-morph/results-natcompsci-2025/concentric-ring-my-own/trained_models_patterns_salt_pepper_sweep/wfrac_0/w12_1/ratio_1-1-8/ncells_40/visualizations_regenerated_sp/train-pattern-4-final-hide-type-3.png
wfrac_1/w12_1/ratio_1-1-8/ncells_60,train-pattern-1,-1.9472166019899606,-1.4543040984888713,5815.599864061287,"[3, 3, 54]","[0.005755970751211747, 0.008527031629836042, 0.9857169976189522]","[3.7763772643791587, 3.0075712390049407, 1.4346453272921191, 3.0598123945491027, 1.5396582289951806, 1.2609454505214348]",0.08650115838036021,0.10412582525432769,0.16196692921010722,0.5323815875995194,0.09783808664227206,-1.567944250243639,/home/sol856/jax-morph/results-natcompsci-2025/concentric-ring-my-own/trained_models_patterns_salt_pepper_sweep/wfrac_1/w12_1/ratio_1-1-8/ncells_60/visualizations_regenerated_sp/train-pattern-1-final.png,/home/sol856/jax-morph/results-natcompsci-2025/concentric-ring-my-own/trained_models_patterns_salt_pepper_sweep/wfrac_1/w12_1/ratio_1-1-8/ncells_60/visualizations_regenerated_sp/train-pattern-1-final-hide-type-3.png
wfrac_0/w12_1/ratio_1-1-8/ncells_60,train-pattern-2,-1.9349678692464432,-1.4493928954953952,5811.455383559875,"[3, 3, 54]","[0.005737136913492087, 0.013276091707139608, 0.9809867713793683]","[3.343207301833994, 3.6853239766980597, 3.246435620936693, 2.644094306430415, 2.4880478635360945, 1.7109679202740555]",0.09505701886301005,0.08392295703446433,0.15989303549069023,0.3061589978493446,0.09479867780902676,-1.4790631996629864,/home/sol856/jax-morph/results-natcompsci-2025/concentric-ring-my-own/trained_models_patterns_salt_pepper_sweep/wfrac_0/w12_1/ratio_1-1-8/ncells_60/visualizations_regenerated_sp/train-pattern-2-final.png,/home/sol856/jax-morph/results-natcompsci-2025/concentric-ring-my-own/trained_models_patterns_salt_pepper_sweep/wfrac_0/w12_1/ratio_1-1-8/ncells_60/visualizations_regenerated_sp/train-pattern-2-final-hide-type-3.png
wfrac_5/w12_0/ratio_1-1-8/ncells_60,train-pattern-2,-1.9299101088158943,-1.435473432975543,4002.299804219801,"[9, 9, 42]","[0.10021594920474343, 0.11484701832187769, 0.7849370324733788]","[3.2565040749781753, 3.2614570921835107, 0.8888411780577888, 3.7953329054027387, 0.8488507483382097, 0.8309675079250318]",0.11492162426119429,0.11152440877721115,0.20661927988572332,0.3329365567655589,0.0719069262598738,-1.7318575398905889,/home/sol856/jax-morph/results-natcompsci-2025/concentric-ring-my-own/trained_models_patterns_salt_pepper_sweep/wfrac_5/w12_0/ratio_1-1-8/ncells_60/visualizations_regenerated_sp/train-pattern-2-final.png,/home/sol856/jax-morph/results-natcompsci-2025/concentric-ring-my-own/trained_models_patterns_salt_pepper_sweep/wfrac_5/w12_0/ratio_1-1-8/ncells_60/visualizations_regenerated_sp/train-pattern-2-final-hide-type-3.png
wfrac_0/w12_0/ratio_1-1-8/ncells_40,train-pattern-3,-1.9280491595001044,-1.1410643772607407,2147.863218892588,"[2, 3, 35]","[0.06862192154631495, 0.0423505626100125, 0.8890275158436726]","[3.340602200094618, 3.688698679042168, 3.1246138972245046, 3.3398176196960847, 3.070100662059918, 1.9873526830368942]",0.08831221403849956,0.1070577213758113,0.16580257721122782,0.6246923333522625,0.13686264439296142,-1.3103766515503497,/home/sol856/jax-morph/results-natcompsci-2025/concentric-ring-my-own/trained_models_patterns_salt_pepper_sweep/wfrac_0/w12_0/ratio_1-1-8/ncells_40/visualizations_regenerated_sp/train-pattern-3-final.png,/home/sol856/jax-morph/results-natcompsci-2025/concentric-ring-my-own/trained_models_patterns_salt_pepper_sweep/wfrac_0/w12_0/ratio_1-1-8/ncells_40/visualizations_regenerated_sp/train-pattern-3-final-hide-type-3.png
wfrac_5/w12_0/ratio_1-1-8/ncells_60,train-pattern-1,-1.9197360405972037,-1.5439196800425512,4312.425002574006,"[8, 8, 44]","[0.10175253224093019, 0.12168528536529986, 0.77656218239377]","[3.6759043438673684, 3.6201291390510564, 0.9652270167241527, 3.4403907532870646, 0.924797823129925, 0.9925748864390406]",0.10284189608687769,0.09724613709089983,0.19681755474826698,0.25688615278352517,0.06782231144733748,-1.6223979398183197,/home/sol856/jax-morph/results-natcompsci-2025/concentric-ring-my-own/trained_models_patterns_salt_pepper_sweep/wfrac_5/w12_0/ratio_1-1-8/ncells_60/visualizations_regenerated_sp/train-pattern-1-final.png,/home/sol856/jax-morph/results-natcompsci-2025/concentric-ring-my-own/trained_models_patterns_salt_pepper_sweep/wfrac_5/w12_0/ratio_1-1-8/ncells_60/visualizations_regenerated_sp/train-pattern-1-final-hide-type-3.png
wfrac_1/w12_0/ratio_1-1-8/ncells_120,train-pattern-1,-1.9089797392879568,-1.542205571486869,27815.029208337728,"[6, 7, 107]","[0.0061638679829108195, 0.010181639220671503, 0.9836544927964177]","[1.978723316350518, 2.3949007970195013, 1.30071498849818, 2.591358304685285, 1.2554497083533467, 1.1220213365636733]",0.09796905750950174,0.08849721139762691,0.15055794236905032,0.24214830685022867,0.057864488696615,-1.9504239040091484,/home/sol856/jax-morph/results-natcompsci-2025/concentric-ring-my-own/trained_models_patterns_salt_pepper_sweep/wfrac_1/w12_0/ratio_1-1-8/ncells_120/visualizations_regenerated_sp/train-pattern-1-final.png,/home/sol856/jax-morph/results-natcompsci-2025/concentric-ring-my-own/trained_models_patterns_salt_pepper_sweep/wfrac_1/w12_0/ratio_1-1-8/ncells_120/visualizations_regenerated_sp/train-pattern-1-final-hide-type-3.png
wfrac_5/w12_1/ratio_1-1-8/ncells_40,train-pattern-3,-1.905659584875866,-1.3390945679891484,2294.87401757016,"[2, 2, 36]","[0.017038088206676644, 0.021314244119739045, 0.9616476676735842]","[2.797004371014406, 3.1907117609373534, 2.371907846949489, 2.553485180724792, 2.403894878466339, 1.3975172235522164]",0.09749352626565391,0.09566698995176312,0.1726834324858045,0.7394655276649204,0.12947449325646196,-1.3245324794868998,/home/sol856/jax-morph/results-natcompsci-2025/concentric-ring-my-own/trained_models_patterns_salt_pepper_sweep/wfrac_5/w12_1/ratio_1-1-8/ncells_40/visualizations_regenerated_sp/train-pattern-3-final.png,/home/sol856/jax-morph/results-natcompsci-2025/concentric-ring-my-own/trained_models_patterns_salt_pepper_sweep/wfrac_5/w12_1/ratio_1-1-8/ncells_40/visualizations_regenerated_sp/train-pattern-3-final-hide-type-3.png
wfrac_1/w12_0/ratio_1-1-4/ncells_60,train-pattern-4,-1.904460318923939,-1.7838745889333345,2713.9749941000646,"[10, 19, 31]","[0.15433961547022507, 0.24046170473270367, 0.6051986797970712]","[2.9096706590806356, 3.781384795913243, 0.8945268817782898, 3.6995915193391076, 0.8220816825273527, 1.016782040808914]",0.14991577400205378,0.13034499511570338,0.20342392833168926,0.16300927264300624,0.0973726785548895,-1.9539365572450715,/home/sol856/jax-morph/results-natcompsci-2025/concentric-ring-my-own/trained_models_patterns_salt_pepper_sweep/wfrac_1/w12_0/ratio_1-1-4/ncells_60/visualizations_regenerated_sp/train-pattern-4-final.png,/home/sol856/jax-morph/results-natcompsci-2025/concentric-ring-my-own/trained_models_patterns_salt_pepper_sweep/wfrac_1/w12_0/ratio_1-1-4/ncells_60/visualizations_regenerated_sp/train-pattern-4-final-hide-type-3.png
wfrac_1/w12_1/ratio_1-1-8/ncells_60,train-pattern-4,-1.888664900591762,-0.4024322464363177,5452.730905283942,"[3, 3, 54]","[0.02873809012928515, 0.019930894280588685, 0.9513310155901261]","[3.297088145013343, 2.7908304975038196, 3.7634602467947227, 1.1134103237807185, 2.639278082186543, 3.2121937945622188]",0.12409118988387932,0.1874378544471216,0.13603708807824916,3.7246049177709984e-06,0.1209335282160749,-1.533210896521627,/home/sol856/jax-morph/results-natcompsci-2025/concentric-ring-my-own/trained_models_patterns_salt_pepper_sweep/wfrac_1/w12_1/ratio_1-1-8/ncells_60/visualizations_regenerated_sp/train-pattern-4-final.png,/home/sol856/jax-morph/results-natcompsci-2025/concentric-ring-my-own/trained_models_patterns_salt_pepper_sweep/wfrac_1/w12_1/ratio_1-1-8/ncells_60/visualizations_regenerated_sp/train-pattern-4-final-hide-type-3.png
wfrac_0/w12_0/ratio_1-1-8/ncells_60,train-pattern-1,-1.8853563845679755,-1.188830420709861,5412.030596730375,"[3, 5, 52]","[0.013679098912153333, 0.042929215587276734, 0.94339168550057]","[3.4432775395867834, 3.7329034121069, 1.1387032557606074, 3.6523989711275267, 1.1181184509985207, 1.2172222748169066]",0.09627149431794844,0.11068559660755037,0.17031464864835064,0.28099844159319554,0.09367694446984995,-1.6183041134001461,/home/sol856/jax-morph/results-natcompsci-2025/concentric-ring-my-own/trained_models_patterns_salt_pepper_sweep/wfrac_0/w12_0/ratio_1-1-8/ncells_60/visualizations_regenerated_sp/train-pattern-1-final.png,/home/sol856/jax-morph/results-natcompsci-2025/concentric-ring-my-own/trained_models_patterns_salt_pepper_sweep/wfrac_0/w12_0/ratio_1-1-8/ncells_60/visualizations_regenerated_sp/train-pattern-1-final-hide-type-3.png
wfrac_1/w12_0/ratio_1-1-4/ncells_40,train-pattern-2,-1.877619077625319,-1.1742363072095379,1569.335605968462,"[4, 10, 26]","[0.05128955829636059, 0.24189906079444753, 0.7068113809091918]","[3.7430139219950025, 3.4060589706186155, 0.920053928934764, 3.3905109273884024, 0.8184181114765873, 0.8716917348948678]",0.12647517669675742,0.11812863658328696,0.26647631146860806,0.41626804306344617,0.07036757131545646,-1.6212487909828797,/home/sol856/jax-morph/results-natcompsci-2025/concentric-ring-my-own/trained_models_patterns_salt_pepper_sweep/wfrac_1/w12_0/ratio_1-1-4/ncells_40/visualizations_regenerated_sp/train-pattern-2-final.png,/home/sol856/jax-morph/results-natcompsci-2025/concentric-ring-my-own/trained_models_patterns_salt_pepper_sweep/wfrac_1/w12_0/ratio_1-1-4/ncells_40/visualizations_regenerated_sp/train-pattern-2-final-hide-type-3.png
wfrac_1/w12_0/ratio_1-1-8/ncells_40,train-pattern-1,-1.8671494810889984,-0.8519084275174171,1831.271775649483,"[6, 3, 31]","[0.09098126781463191, 0.03251163447113437, 0.8765070977142339]","[3.7899203964469788, 3.752386608326521, 1.3597710269586996, 3.241975646277189, 1.436367162743776, 1.3126765334326824]",0.13585849984891102,0.09752167233500082,0.19127564904458916,0.29140107772296636,0.11078084221402645,-1.3888428968574948,/home/sol856/jax-morph/results-natcompsci-2025/concentric-ring-my-own/trained_models_patterns_salt_pepper_sweep/wfrac_1/w12_0/ratio_1-1-8/ncells_40/visualizations_regenerated_sp/train-pattern-1-final.png,/home/sol856/jax-morph/results-natcompsci-2025/concentric-ring-my-own/trained_models_patterns_salt_pepper_sweep/wfrac_1/w12_0/ratio_1-1-8/ncells_40/visualizations_regenerated_sp/train-pattern-1-final-hide-type-3.png
wfrac_5/w12_0/ratio_1-1-4/ncells_60,train-pattern-2,-1.865394240634157,-1.4366740968043716,2880.625357396273,"[17, 11, 32]","[0.17635981257100083, 0.17600792201056775, 0.6476322654184314]","[3.5449553956433677, 3.697101255015866, 0.8714871536595823, 3.2687704435163862, 0.9100640540842071, 1.049056182126176]",0.12212307785875415,0.12780065090439124,0.23782301286240962,0.19846111627368615,0.07002396150652644,-1.8724997112388164,/home/sol856/jax-morph/results-natcompsci-2025/concentric-ring-my-own/trained_models_patterns_salt_pepper_sweep/wfrac_5/w12_0/ratio_1-1-4/ncells_60/visualizations_regenerated_sp/train-pattern-2-final.png,/home/sol856/jax-morph/results-natcompsci-2025/concentric-ring-my-own/trained_models_patterns_salt_pepper_sweep/wfrac_5/w12_0/ratio_1-1-4/ncells_60/visualizations_regenerated_sp/train-pattern-2-final-hide-type-3.png
wfrac_5/w12_0/ratio_1-1-8/ncells_120,train-pattern-0,-1.860574137595917,-1.3825478708069217,21553.329698513215,"[11, 14, 95]","[0.040525433917602, 0.06784393092038235, 0.8916306351620157]","[2.4623656642034444, 1.0410549243492555, 2.753773058505373, 0.8469801280971476, 2.673126761268377, 1.7133844852295765]",0.09889747630572726,0.09082058458420761,0.12476328670624556,0.09015596043281653,0.06542767112685396,-1.6855060979571679,/home/sol856/jax-morph/results-natcompsci-2025/concentric-ring-my-own/trained_models_patterns_salt_pepper_sweep/wfrac_5/w12_0/ratio_1-1-8/ncells_120/visualizations_regenerated_sp/train-pattern-0-final.png,/home/sol856/jax-morph/results-natcompsci-2025/concentric-ring-my-own/trained_models_patterns_salt_pepper_sweep/wfrac_5/w12_0/ratio_1-1-8/ncells_120/visualizations_regenerated_sp/train-pattern-0-final-hide-type-3.png
wfrac_1/w12_1/ratio_1-1-4/ncells_40,train-pattern-1,-1.8509685001063843,-1.2377975160700299,1481.1069709969108,"[9, 3, 28]","[0.22343820858005536, 0.03245332577852795, 0.7441084656414166]","[3.7405193472580445, 3.6746782761580885, 1.0219891630557993, 0.9726752059208469, 2.277299296969961, 1.4325388117014963]",0.15829568336913827,0.09229056124564425,0.18333939617358785,0.36709782062070573,0.13462605188792634,-1.5719054846818123,/home/sol856/jax-morph/results-natcompsci-2025/concentric-ring-my-own/trained_models_patterns_salt_pepper_sweep/wfrac_1/w12_1/ratio_1-1-4/ncells_40/visualizations_regenerated_sp/train-pattern-1-final.png,/home/sol856/jax-morph/results-natcompsci-2025/concentric-ring-my-own/trained_models_patterns_salt_pepper_sweep/wfrac_1/w12_1/ratio_1-1-4/ncells_40/visualizations_regenerated_sp/train-pattern-1-final-hide-type-3.png
wfrac_1/w12_0/ratio_1-1-4/ncells_40,train-pattern-0,-1.8233266313967762,-1.685883490280705,1391.54455085481,"[3, 13, 24]","[0.01638989376058739, 0.2422869296501263, 0.7413231765892863]","[3.669496102553686, 3.548418091052554, 1.139985604135569, 3.6683732709899264, 0.8828011975931409, 0.9657832563921094]",0.13335167275112902,0.1245506244949303,0.23702792672422288,0.4154048631372993,0.08444905649772508,-1.5832260629266681,/home/sol856/jax-morph/results-natcompsci-2025/concentric-ring-my-own/trained_models_patterns_salt_pepper_sweep/wfrac_1/w12_0/ratio_1-1-4/ncells_40/visualizations_regenerated_sp/train-pattern-0-final.png,/home/sol856/jax-morph/results-natcompsci-2025/concentric-ring-my-own/trained_models_patterns_salt_pepper_sweep/wfrac_1/w12_0/ratio_1-1-4/ncells_40/visualizations_regenerated_sp/train-pattern-0-final-hide-type-3.png
wfrac_1/w12_0/ratio_1-1-8/ncells_40,train-pattern-0,-1.814268508931289,-0.7643726850450463,1730.9995738686644,"[3, 7, 30]","[0.031391097664488055, 0.16157742880356762, 0.8070314735319444]","[3.023532724393381, 3.7967715247512315, 1.4208567440514035, 3.6711262895854846, 1.1506152054169492, 1.3115884928277561]",0.09475392570487721,0.1234763243281623,0.2072386801286172,0.4548231631180072,0.09814296911367681,-1.45514824611947,/home/sol856/jax-morph/results-natcompsci-2025/concentric-ring-my-own/trained_models_patterns_salt_pepper_sweep/wfrac_1/w12_0/ratio_1-1-8/ncells_40/visualizations_regenerated_sp/train-pattern-0-final.png,/home/sol856/jax-morph/results-natcompsci-2025/concentric-ring-my-own/trained_models_patterns_salt_pepper_sweep/wfrac_1/w12_0/ratio_1-1-8/ncells_40/visualizations_regenerated_sp/train-pattern-0-final-hide-type-3.png
wfrac_0/w12_0/ratio_1-1-4/ncells_40,train-pattern-3,-1.8123583558563021,-1.0980824301560543,1841.9896345284983,"[2, 8, 30]","[0.16042742248212735, 0.11045378987157084, 0.7291187876463019]","[3.3785733883714757, 3.5914236522004472, 0.8781455105051705, 3.522227927603862, 0.872511942934164, 0.8090409104040293]",0.13116675088813765,0.11575625808974188,0.26652375038386245,0.35093989563829125,0.07142201366142499,-1.5011091282420637,/home/sol856/jax-morph/results-natcompsci-2025/concentric-ring-my-own/trained_models_patterns_salt_pepper_sweep/wfrac_0/w12_0/ratio_1-1-4/ncells_40/visualizations_regenerated_sp/train-pattern-3-final.png,/home/sol856/jax-morph/results-natcompsci-2025/concentric-ring-my-own/trained_models_patterns_salt_pepper_sweep/wfrac_0/w12_0/ratio_1-1-4/ncells_40/visualizations_regenerated_sp/train-pattern-3-final-hide-type-3.png
wfrac_1/w12_0/ratio_1-1-8/ncells_40,train-pattern-2,-1.8109572900472666,-1.8109572900472666,1742.128759345571,"[7, 4, 29]","[0.10493362242884753, 0.06977762118020389, 0.8252887563909487]","[3.3865473023505146, 3.6018102597607333, 0.9717276468486691, 3.3083873257356817, 1.0037350840843973, 0.8692605316422163]",0.12153153321198742,0.10420306268588646,0.2337876921633033,0.49609052549920246,0.0810449306365694,-1.5226337784837403,/home/sol856/jax-morph/results-natcompsci-2025/concentric-ring-my-own/trained_models_patterns_salt_pepper_sweep/wfrac_1/w12_0/ratio_1-1-8/ncells_40/visualizations_regenerated_sp/train-pattern-2-final.png,/home/sol856/jax-morph/results-natcompsci-2025/concentric-ring-my-own/trained_models_patterns_salt_pepper_sweep/wfrac_1/w12_0/ratio_1-1-8/ncells_40/visualizations_regenerated_sp/train-pattern-2-final-hide-type-3.png
wfrac_5/w12_0/ratio_1-1-8/ncells_40,train-pattern-0,-1.804920794869975,-1.2935856235894159,1754.3740402272263,"[3, 6, 31]","[0.07745595474555024, 0.10039420409949527, 0.8221498411549545]","[2.088931649442399, 3.7836311844408463, 1.3908070513680308, 0.804017600222641, 1.4690351781307103, 1.3059485756765197]",0.1177035310855869,0.14279633854356646,0.17838497876415135,0.4345463617273414,0.12945325144952716,-1.386277199627478,/home/sol856/jax-morph/results-natcompsci-2025/concentric-ring-my-own/trained_models_patterns_salt_pepper_sweep/wfrac_5/w12_0/ratio_1-1-8/ncells_40/visualizations_regenerated_sp/train-pattern-0-final.png,/home/sol856/jax-morph/results-natcompsci-2025/concentric-ring-my-own/trained_models_patterns_salt_pepper_sweep/wfrac_5/w12_0/ratio_1-1-8/ncells_40/visualizations_regenerated_sp/train-pattern-0-final-hide-type-3.png
wfrac_5/w12_0/ratio_1-1-8/ncells_60,train-pattern-0,-1.8009190173144405,-1.3053074088231174,4274.090705126573,"[4, 11, 45]","[0.04686878927453045, 0.11854517950733115, 0.8345860312181383]","[3.306027588106426, 3.2243986670571942, 1.802778603960059, 3.270467816413383, 1.7291120784770784, 1.4088962846575421]",0.10212832521347041,0.11286677916868786,0.16448562929432692,0.3058481100979645,0.09459169965817031,-1.6057869942259673,/home/sol856/jax-morph/results-natcompsci-2025/concentric-ring-my-own/trained_models_patterns_salt_pepper_sweep/wfrac_5/w12_0/ratio_1-1-8/ncells_60/visualizations_regenerated_sp/train-pattern-0-final.png,/home/sol856/jax-morph/results-natcompsci-2025/concentric-ring-my-own/trained_models_patterns_salt_pepper_sweep/wfrac_5/w12_0/ratio_1-1-8/ncells_60/visualizations_regenerated_sp/train-pattern-0-final-hide-type-3.png
wfrac_0/w12_0/ratio_1-1-8/ncells_40,train-pattern-2,-1.7808618854340672,-0.7563601091764869,1668.1378031833206,"[4, 8, 28]","[0.027996520698390506, 0.22733572774816962, 0.7446677515534399]","[3.0829653796931193, 3.685215574421771, 0.9498413644049039, 3.63888422766201, 0.8774112466289007, 0.8838838124990666]",0.14476143943215877,0.12447027612999552,0.2387403163750195,0.345505884701411,0.08452009107794455,-1.5755334193970267,/home/sol856/jax-morph/results-natcompsci-2025/concentric-ring-my-own/trained_models_patterns_salt_pepper_sweep/wfrac_0/w12_0/ratio_1-1-8/ncells_40/visualizations_regenerated_sp/train-pattern-2-final.png,/home/sol856/jax-morph/results-natcompsci-2025/concentric-ring-my-own/trained_models_patterns_salt_pepper_sweep/wfrac_0/w12_0/ratio_1-1-8/ncells_40/visualizations_regenerated_sp/train-pattern-2-final-hide-type-3.png
wfrac_5/w12_0/ratio_1-1-4/ncells_40,train-pattern-4,-1.7685809524222813,-1.132451156578442,1595.3083357598398,"[7, 5, 28]","[0.14706153834667535, 0.1649881936785575, 0.6879502679747671]","[3.234031314232415, 3.725174311975076, 1.2652385634692958, 3.4451588947962986, 1.1810345555721207, 1.1090080960217072]",0.11744930573211546,0.11066890374243317,0.20966526653671186,0.257744945075549,0.0795347669801293,-1.444438877132787,/home/sol856/jax-morph/results-natcompsci-2025/concentric-ring-my-own/trained_models_patterns_salt_pepper_sweep/wfrac_5/w12_0/ratio_1-1-4/ncells_40/visualizations_regenerated_sp/train-pattern-4-final.png,/home/sol856/jax-morph/results-natcompsci-2025/concentric-ring-my-own/trained_models_patterns_salt_pepper_sweep/wfrac_5/w12_0/ratio_1-1-4/ncells_40/visualizations_regenerated_sp/train-pattern-4-final-hide-type-3.png
wfrac_0/w12_0/ratio_1-1-8/ncells_40,train-pattern-0,-1.764571875787837,-0.9250824350556273,2288.4675150206895,"[2, 2, 36]","[0.005765265887796578, 0.019923643236945947, 0.9743110908752576]","[3.099433443640569, 2.9436430345366604, 2.719866002328895, 3.643505780663423, 2.403056033667216, 1.6286286895298696]",0.08757807043246232,0.09985000725705756,0.166484232520246,0.7465157302917921,0.13204900753841886,-1.3257392242067165,/home/sol856/jax-morph/results-natcompsci-2025/concentric-ring-my-own/trained_models_patterns_salt_pepper_sweep/wfrac_0/w12_0/ratio_1-1-8/ncells_40/visualizations_regenerated_sp/train-pattern-0-final.png,/home/sol856/jax-morph/results-natcompsci-2025/concentric-ring-my-own/trained_models_patterns_salt_pepper_sweep/wfrac_0/w12_0/ratio_1-1-8/ncells_40/visualizations_regenerated_sp/train-pattern-0-final-hide-type-3.png
wfrac_1/w12_0/ratio_1-1-8/ncells_40,train-pattern-3,-1.7637907673522104,-1.3666542877444232,1747.2256003343562,"[2, 9, 29]","[0.07155500515383502, 0.1667402069981361, 0.7617047878480289]","[3.362074117031634, 3.660190649531872, 1.0112751630382166, 3.3357252267049695, 0.9193389316567586, 0.8919388738397352]",0.13883959374823898,0.1258170639201491,0.24283837979005252,0.331065150768605,0.09537775729597317,-1.6231091662902726,/home/sol856/jax-morph/results-natcompsci-2025/concentric-ring-my-own/trained_models_patterns_salt_pepper_sweep/wfrac_1/w12_0/ratio_1-1-8/ncells_40/visualizations_regenerated_sp/train-pattern-3-final.png,/home/sol856/jax-morph/results-natcompsci-2025/concentric-ring-my-own/trained_models_patterns_salt_pepper_sweep/wfrac_1/w12_0/ratio_1-1-8/ncells_40/visualizations_regenerated_sp/train-pattern-3-final-hide-type-3.png
wfrac_5/w12_0/ratio_1-1-8/ncells_40,train-pattern-1,-1.7586161417340214,-1.0655161070452928,1587.6912538373185,"[6, 6, 28]","[0.09421501571618263, 0.12367128771338273, 0.7821136965704345]","[3.5121808726663497, 3.6005763759443, 1.0851401455641574, 3.569720801162802, 0.8124574938907406, 1.1477209608405434]",0.12514180530478738,0.11954903840053432,0.22247091439398295,0.216391750485758,0.080064338126514,-1.4410511971734892,/home/sol856/jax-morph/results-natcompsci-2025/concentric-ring-my-own/trained_models_patterns_salt_pepper_sweep/wfrac_5/w12_0/ratio_1-1-8/ncells_40/visualizations_regenerated_sp/train-pattern-1-final.png,/home/sol856/jax-morph/results-natcompsci-2025/concentric-ring-my-own/trained_models_patterns_salt_pepper_sweep/wfrac_5/w12_0/ratio_1-1-8/ncells_40/visualizations_regenerated_sp/train-pattern-1-final-hide-type-3.png
wfrac_5/w12_0/ratio_1-1-8/ncells_40,train-pattern-4,-1.7532689330703664,-0.6805962175072395,1602.1994206022018,"[7, 5, 28]","[0.11661989985430765, 0.10380597101560345, 0.7795741291300888]","[3.187578314558378, 3.195659645586634, 0.8175544813988138, 3.2696602046325838, 0.9439546658285727, 0.8448786582902519]",0.14790606643978527,0.11833871549373191,0.23768641472623878,0.2641476521058432,0.09476552439364892,-1.5778872297340267,/home/sol856/jax-morph/results-natcompsci-2025/concentric-ring-my-own/trained_models_patterns_salt_pepper_sweep/wfrac_5/w12_0/ratio_1-1-8/ncells_40/visualizations_regenerated_sp/train-pattern-4-final.png,/home/sol856/jax-morph/results-natcompsci-2025/concentric-ring-my-own/trained_models_patterns_salt_pepper_sweep/wfrac_5/w12_0/ratio_1-1-8/ncells_40/visualizations_regenerated_sp/train-pattern-4-final-hide-type-3.png
wfrac_1/w12_0/ratio_1-1-8/ncells_40,train-pattern-4,-1.7521061114001475,-1.0581640937564694,1722.7710264777077,"[8, 2, 30]","[0.18556823190939276, 0.02655784148315678, 0.7878739266074505]","[3.376535700324564, 2.8803467565396845, 0.8632751246351182, 3.7750677022796015, 1.1048488842535167, 1.0901909623500323]",0.12792121531012446,0.13630101995306454,0.21356404895353515,0.08365079929776048,0.09373462033660065,-1.3925024000071895,/home/sol856/jax-morph/results-natcompsci-2025/concentric-ring-my-own/trained_models_patterns_salt_pepper_sweep/wfrac_1/w12_0/ratio_1-1-8/ncells_40/visualizations_regenerated_sp/train-pattern-4-final.png,/home/sol856/jax-morph/results-natcompsci-2025/concentric-ring-my-own/trained_models_patterns_salt_pepper_sweep/wfrac_1/w12_0/ratio_1-1-8/ncells_40/visualizations_regenerated_sp/train-pattern-4-final-hide-type-3.png
wfrac_1/w12_0/ratio_1-1-4/ncells_60,train-pattern-0,-1.7397979124630123,-1.4835253840596518,3565.71862819943,"[7, 15, 38]","[0.08059982749612461, 0.22265096218895317, 0.6967492103149222]","[3.494423945446628, 3.519054530802597, 1.2149003133401544, 3.5602512643232, 1.1485735595818114, 1.249417857977882]",0.11247755548247015,0.11380464013337954,0.20132476148305126,0.23232384707796444,0.06707435451278532,-1.6900575330393486,/home/sol856/jax-morph/results-natcompsci-2025/concentric-ring-my-own/trained_models_patterns_salt_pepper_sweep/wfrac_1/w12_0/ratio_1-1-4/ncells_60/visualizations_regenerated_sp/train-pattern-0-final.png,/home/sol856/jax-morph/results-natcompsci-2025/concentric-ring-my-own/trained_models_patterns_salt_pepper_sweep/wfrac_1/w12_0/ratio_1-1-4/ncells_60/visualizations_regenerated_sp/train-pattern-0-final-hide-type-3.png
wfrac_0/w12_0/ratio_1-1-4/ncells_40,train-pattern-1,-1.7259712535776195,-1.0743352147095142,2174.156920356162,"[3, 2, 35]","[0.041354890086448416, 0.024364496289452114, 0.9342806136240994]","[3.188079194157985, 3.7058278537184446, 0.9771922519452774, 3.194756717639594, 1.0403593345339144, 0.9396560180750727]",0.2736951047410801,0.11999953901777499,0.1973893054278839,0.4237146080090409,0.1282591741834013,-1.7723104385207036,/home/sol856/jax-morph/results-natcompsci-2025/concentric-ring-my-own/trained_models_patterns_salt_pepper_sweep/wfrac_0/w12_0/ratio_1-1-4/ncells_40/visualizations_regenerated_sp/train-pattern-1-final.png,/home/sol856/jax-morph/results-natcompsci-2025/concentric-ring-my-own/trained_models_patterns_salt_pepper_sweep/wfrac_0/w12_0/ratio_1-1-4/ncells_40/visualizations_regenerated_sp/train-pattern-1-final-hide-type-3.png
wfrac_5/w12_0/ratio_1-1-4/ncells_60,train-pattern-1,-1.7107285859163557,-1.1473975053735366,3195.9760857077,"[7, 19, 34]","[0.08063853187295361, 0.22355516647620985, 0.6958063016508366]","[2.9961875533290367, 3.5365263310454766, 1.6166365041360065, 3.7737530377283877, 1.0103879331090655, 1.1779844987059318]",0.109043433140834,0.11928777862176836,0.20372970314405447,0.2437987085854879,0.07569732188520537,-1.8054661936289735,/home/sol856/jax-morph/results-natcompsci-2025/concentric-ring-my-own/trained_models_patterns_salt_pepper_sweep/wfrac_5/w12_0/ratio_1-1-4/ncells_60/visualizations_regenerated_sp/train-pattern-1-final.png,/home/sol856/jax-morph/results-natcompsci-2025/concentric-ring-my-own/trained_models_patterns_salt_pepper_sweep/wfrac_5/w12_0/ratio_1-1-4/ncells_60/visualizations_regenerated_sp/train-pattern-1-final-hide-type-3.png
wfrac_0/w12_0/ratio_1-1-4/ncells_60,train-pattern-2,-1.700700016880378,-0.9045709777237055,5728.3793612485715,"[5, 3, 52]","[0.018765456565773296, 0.026524599015579298, 0.9547099444186475]","[1.4739383648459992, 3.1456295949214503, 1.0873062662428787, 2.7788782769831917, 1.148927548153257, 0.9375662181605012]",0.10527254829311969,0.08992317914014206,0.18668209251130446,0.3875161700482391,0.08012114316948415,-1.6229879729856866,/home/sol856/jax-morph/results-natcompsci-2025/concentric-ring-my-own/trained_models_patterns_salt_pepper_sweep/wfrac_0/w12_0/ratio_1-1-4/ncells_60/visualizations_regenerated_sp/train-pattern-2-final.png,/home/sol856/jax-morph/results-natcompsci-2025/concentric-ring-my-own/trained_models_patterns_salt_pepper_sweep/wfrac_0/w12_0/ratio_1-1-4/ncells_60/visualizations_regenerated_sp/train-pattern-2-final-hide-type-3.png
wfrac_5/w12_0/ratio_1-1-8/ncells_60,train-pattern-3,-1.697360283675296,-1.5088453094695689,4619.203919707379,"[3, 10, 47]","[0.10636521992834887, 0.1025837893459706, 0.7910509907256805]","[3.749404660743802, 3.797948912092332, 1.3850798683894157, 3.1474260183634213, 1.4332603827176156, 1.3418394604451946]",0.08859598537512453,0.12952678333753617,0.1707507581644477,0.37425741207966334,0.09596990819965363,-1.6035661749922117,/home/sol856/jax-morph/results-natcompsci-2025/concentric-ring-my-own/trained_models_patterns_salt_pepper_sweep/wfrac_5/w12_0/ratio_1-1-8/ncells_60/visualizations_regenerated_sp/train-pattern-3-final.png,/home/sol856/jax-morph/results-natcompsci-2025/concentric-ring-my-own/trained_models_patterns_salt_pepper_sweep/wfrac_5/w12_0/ratio_1-1-8/ncells_60/visualizations_regenerated_sp/train-pattern-3-final-hide-type-3.png
wfrac_1/w12_0/ratio_1-1-8/ncells_60,train-pattern-4,-1.6913665827978723,-0.8850672971825854,5768.728175910391,"[3, 3, 54]","[0.006964593072222548, 0.01619345053049336, 0.9768419563972841]","[3.40827594922764, 1.0645632971862296, 2.4534703483197804, 3.759410344707348, 2.112458304523897, 1.4950975416245853]",0.089230687993894,0.11547656614383034,0.15615492349134483,0.22187249332245626,0.10007081620646857,-1.5240771151148609,/home/sol856/jax-morph/results-natcompsci-2025/concentric-ring-my-own/trained_models_patterns_salt_pepper_sweep/wfrac_1/w12_0/ratio_1-1-8/ncells_60/visualizations_regenerated_sp/train-pattern-4-final.png,/home/sol856/jax-morph/results-natcompsci-2025/concentric-ring-my-own/trained_models_patterns_salt_pepper_sweep/wfrac_1/w12_0/ratio_1-1-8/ncells_60/visualizations_regenerated_sp/train-pattern-4-final-hide-type-3.png
wfrac_0/w12_0/ratio_1-1-8/ncells_60,train-pattern-0,-1.6798745842215645,-1.4437426310224304,5802.6827692824945,"[3, 3, 54]","[0.005836102945626083, 0.006541651665517907, 0.987622245388856]","[3.156767600742848, 3.418964189058901, 1.1260439376818683, 2.6747780694180845, 1.1563657501325721, 1.0048546677895454]",0.12774093152781285,0.13231472030143715,0.1828614659172312,0.24425211081339934,0.09480168162207978,-1.5896924783091326,/home/sol856/jax-morph/results-natcompsci-2025/concentric-ring-my-own/trained_models_patterns_salt_pepper_sweep/wfrac_0/w12_0/ratio_1-1-8/ncells_60/visualizations_regenerated_sp/train-pattern-0-final.png,/home/sol856/jax-morph/results-natcompsci-2025/concentric-ring-my-own/trained_models_patterns_salt_pepper_sweep/wfrac_0/w12_0/ratio_1-1-8/ncells_60/visualizations_regenerated_sp/train-pattern-0-final-hide-type-3.png
wfrac_5/w12_0/ratio_1-1-4/ncells_60,train-pattern-3,-1.6766662238059131,-1.4705616775518862,3949.6081061875616,"[8, 10, 42]","[0.1952561424386114, 0.12430229694299108, 0.6804415606183976]","[3.5307702321320678, 3.5540572251124, 0.8704486268415713, 3.445708729842405, 1.7105112875938397, 1.3243726608286823]",0.09723109916125754,0.0999653195489157,0.19253429175321937,0.27984768575670343,0.06894323838769321,-1.6107423397833298,/home/sol856/jax-morph/results-natcompsci-2025/concentric-ring-my-own/trained_models_patterns_salt_pepper_sweep/wfrac_5/w12_0/ratio_1-1-4/ncells_60/visualizations_regenerated_sp/train-pattern-3-final.png,/home/sol856/jax-morph/results-natcompsci-2025/concentric-ring-my-own/trained_models_patterns_salt_pepper_sweep/wfrac_5/w12_0/ratio_1-1-4/ncells_60/visualizations_regenerated_sp/train-pattern-3-final-hide-type-3.png
wfrac_0/w12_0/ratio_1-1-4/ncells_40,train-pattern-0,-1.6715618593612076,-1.2587015215609665,2053.4647158023618,"[3, 3, 34]","[0.015997606175105657, 0.04827791564386755, 0.9357244781810268]","[2.9376711933871533, 3.676478756557146, 1.0918283084349776, 3.46558903614282, 1.0104533154416298, 0.9658881656859079]",0.13542564760536763,0.16744853905815546,0.19501449917632735,0.4710086627542707,0.12711606559042388,-1.6127027506979486,/home/sol856/jax-morph/results-natcompsci-2025/concentric-ring-my-own/trained_models_patterns_salt_pepper_sweep/wfrac_0/w12_0/ratio_1-1-4/ncells_40/visualizations_regenerated_sp/train-pattern-0-final.png,/home/sol856/jax-morph/results-natcompsci-2025/concentric-ring-my-own/trained_models_patterns_salt_pepper_sweep/wfrac_0/w12_0/ratio_1-1-4/ncells_40/visualizations_regenerated_sp/train-pattern-0-final-hide-type-3.png
wfrac_0/w12_0/ratio_1-1-4/ncells_60,train-pattern-1,-1.661128861356265,-0.926574996069641,5760.067549666891,"[3, 3, 54]","[0.008898392817623708, 0.0097569087480432, 0.981344698434333]","[0.9583655739205363, 3.326645785290335, 2.6621573707699966, 3.766119656592526, 2.406249861387221, 1.727846272160962]",0.08392052613682044,0.08419942674309225,0.1506952226262734,0.5182872979099316,0.10291325442488233,-1.4811778935489714,/home/sol856/jax-morph/results-natcompsci-2025/concentric-ring-my-own/trained_models_patterns_salt_pepper_sweep/wfrac_0/w12_0/ratio_1-1-4/ncells_60/visualizations_regenerated_sp/train-pattern-1-final.png,/home/sol856/jax-morph/results-natcompsci-2025/concentric-ring-my-own/trained_models_patterns_salt_pepper_sweep/wfrac_0/w12_0/ratio_1-1-4/ncells_60/visualizations_regenerated_sp/train-pattern-1-final-hide-type-3.png
wfrac_1/w12_0/ratio_1-1-4/ncells_40,train-pattern-1,-1.6590934313052856,-0.9661120870213477,1993.4765080703562,"[3, 4, 33]","[0.036779160663625236, 0.05568319627647475, 0.9075376430599]","[3.254620230360163, 3.795793188494363, 1.5968990896421669, 3.5102648256609488, 1.5709201140179985, 1.3455899375594833]",0.11532017003497551,0.1260767628738415,0.19599536309318252,0.36763396231843887,0.1217964374717428,-1.4458818928602928,/home/sol856/jax-morph/results-natcompsci-2025/concentric-ring-my-own/trained_models_patterns_salt_pepper_sweep/wfrac_1/w12_0/ratio_1-1-4/ncells_40/visualizations_regenerated_sp/train-pattern-1-final.png,/home/sol856/jax-morph/results-natcompsci-2025/concentric-ring-my-own/trained_models_patterns_salt_pepper_sweep/wfrac_1/w12_0/ratio_1-1-4/ncells_40/visualizations_regenerated_sp/train-pattern-1-final-hide-type-3.png
wfrac_5/w12_0/ratio_1-1-4/ncells_40,train-pattern-0,-1.6562410505288605,-1.0136348132943802,1293.9658978612447,"[9, 7, 24]","[0.16767655066887452, 0.1517606916964081, 0.6805627576347173]","[3.2251406375073275, 3.580096992675413, 1.0202678012403608, 3.711170633458038, 1.2054420706952829, 1.0004846399122829]",0.1253776061745096,0.1238933605063664,0.25633930633938623,0.3276090153249765,0.07057327474030914,-1.5431984989071712,/home/sol856/jax-morph/results-natcompsci-2025/concentric-ring-my-own/trained_models_patterns_salt_pepper_sweep/wfrac_5/w12_0/ratio_1-1-4/ncells_40/visualizations_regenerated_sp/train-pattern-0-final.png,/home/sol856/jax-morph/results-natcompsci-2025/concentric-ring-my-own/trained_models_patterns_salt_pepper_sweep/wfrac_5/w12_0/ratio_1-1-4/ncells_40/visualizations_regenerated_sp/train-pattern-0-final-hide-type-3.png
wfrac_1/w12_0/ratio_1-1-4/ncells_60,train-pattern-1,-1.6453411969028946,-1.2444992607512544,3291.453041696639,"[4, 20, 36]","[0.024641234719542802, 0.23167694701713532, 0.7436818182633219]","[3.664444245985047, 0.8118525677693813, 2.01573982608737, 3.7794122903344736, 1.0638479773535123, 1.4369985940816639]",0.09356608029004271,0.1052839995498098,0.17948542779814758,0.30060234931897123,0.07222802328916426,-1.5853953971121042,/home/sol856/jax-morph/results-natcompsci-2025/concentric-ring-my-own/trained_models_patterns_salt_pepper_sweep/wfrac_1/w12_0/ratio_1-1-4/ncells_60/visualizations_regenerated_sp/train-pattern-1-final.png,/home/sol856/jax-morph/results-natcompsci-2025/concentric-ring-my-own/trained_models_patterns_salt_pepper_sweep/wfrac_1/w12_0/ratio_1-1-4/ncells_60/visualizations_regenerated_sp/train-pattern-1-final-hide-type-3.png
wfrac_5/w12_0/ratio_1-1-4/ncells_40,train-pattern-3,-1.6446567540118497,-1.597052460746831,1717.641112267002,"[2, 9, 29]","[0.10455590864574267, 0.20652611988148872, 0.6889179714727686]","[3.4207975640788417, 3.4478932424153808, 1.4163874128850233, 3.2487336686784936, 0.967528771428513, 1.018622832562007]",0.10816400580831678,0.13144837102640425,0.2280998654472538,0.31949983438365265,0.0959878484502491,-1.601149973216701,/home/sol856/jax-morph/results-natcompsci-2025/concentric-ring-my-own/trained_models_patterns_salt_pepper_sweep/wfrac_5/w12_0/ratio_1-1-4/ncells_40/visualizations_regenerated_sp/train-pattern-3-final.png,/home/sol856/jax-morph/results-natcompsci-2025/concentric-ring-my-own/trained_models_patterns_salt_pepper_sweep/wfrac_5/w12_0/ratio_1-1-4/ncells_40/visualizations_regenerated_sp/train-pattern-3-final-hide-type-3.png
wfrac_0/w12_0/ratio_1-1-8/ncells_40,train-pattern-1,-1.6388173119523273,-1.4192603987671426,1798.5581062231138,"[5, 4, 31]","[0.07017821298801467, 0.07425054639680148, 0.855571240615184]","[3.169023412166128, 3.6169313481893877, 1.0433168283495982, 3.197670642906318, 1.013840258897043, 1.1008254718058814]",0.1175605253287775,0.1466731034591201,0.2080679824002282,0.3638264618898432,0.10840660324198773,-1.5634443735234829,/home/sol856/jax-morph/results-natcompsci-2025/concentric-ring-my-own/trained_models_patterns_salt_pepper_sweep/wfrac_0/w12_0/ratio_1-1-8/ncells_40/visualizations_regenerated_sp/train-pattern-1-final.png,/home/sol856/jax-morph/results-natcompsci-2025/concentric-ring-my-own/trained_models_patterns_salt_pepper_sweep/wfrac_0/w12_0/ratio_1-1-8/ncells_40/visualizations_regenerated_sp/train-pattern-1-final-hide-type-3.png
wfrac_0/w12_0/ratio_1-1-8/ncells_60,train-pattern-2,-1.6244048582374273,-1.2042415726356888,5915.281604023873,"[3, 3, 54]","[0.004473236735694777, 0.011802216890538219, 0.983724546373767]","[2.695089524042274, 3.7439698028500326, 1.4042238595289196, 3.739064715900567, 1.401280846206356, 1.3148319945217426]",0.09827823040598253,0.09009929802863119,0.1812647067219944,0.20739680197899404,0.08500266989903987,-1.5126417601289968,/home/sol856/jax-morph/results-natcompsci-2025/concentric-ring-my-own/trained_models_patterns_salt_pepper_sweep/wfrac_0/w12_0/ratio_1-1-8/ncells_60/visualizations_regenerated_sp/train-pattern-2-final.png,/home/sol856/jax-morph/results-natcompsci-2025/concentric-ring-my-own/trained_models_patterns_salt_pepper_sweep/wfrac_0/w12_0/ratio_1-1-8/ncells_60/visualizations_regenerated_sp/train-pattern-2-final-hide-type-3.png
wfrac_1/w12_0/ratio_1-1-8/ncells_60,train-pattern-0,-1.5945055521431084,-1.1976703526366852,3596.460182074521,"[14, 4, 42]","[0.1699263195691837, 0.023996627597216207, 0.8060770528336]","[3.750948787470847, 3.482453549431386, 0.8602678007897583, 3.3274920580175786, 3.0133380752181154, 1.5190853164159612]",0.16651106214639264,0.09042912060992775,0.14953647724356983,0.1492131624836665,0.12117569087265309,-1.7487925664837272,/home/sol856/jax-morph/results-natcompsci-2025/concentric-ring-my-own/trained_models_patterns_salt_pepper_sweep/wfrac_1/w12_0/ratio_1-1-8/ncells_60/visualizations_regenerated_sp/train-pattern-0-final.png,/home/sol856/jax-morph/results-natcompsci-2025/concentric-ring-my-own/trained_models_patterns_salt_pepper_sweep/wfrac_1/w12_0/ratio_1-1-8/ncells_60/visualizations_regenerated_sp/train-pattern-0-final-hide-type-3.png
wfrac_1/w12_1/ratio_1-1-4/ncells_60,train-pattern-0,-1.5703552581936098,-0.6077050192017449,3174.439039224172,"[15, 7, 38]","[0.20850903121552306, 0.07375627624316466, 0.7177346925413123]","[2.9922192660669182, 3.7674940772758436, 1.7832692830474492, 1.283894575581817, 3.5198623276505723, 2.3368142665628033]",0.14706218609963687,0.10761830549714849,0.13389146946625832,0.13469679968444787,0.12531170654153836,-1.4641395426647479,/home/sol856/jax-morph/results-natcompsci-2025/concentric-ring-my-own/trained_models_patterns_salt_pepper_sweep/wfrac_1/w12_1/ratio_1-1-4/ncells_60/visualizations_regenerated_sp/train-pattern-0-final.png,/home/sol856/jax-morph/results-natcompsci-2025/concentric-ring-my-own/trained_models_patterns_salt_pepper_sweep/wfrac_1/w12_1/ratio_1-1-4/ncells_60/visualizations_regenerated_sp/train-pattern-0-final-hide-type-3.png
wfrac_1/w12_0/ratio_1-1-4/ncells_40,train-pattern-4,-1.5545081904028786,-1.2226106090534485,1853.5398425578956,"[5, 4, 31]","[0.09648285606028634, 0.05522898644243946, 0.8482881574972743]","[3.191520205656871, 3.4311548594069547, 0.9335848216083998, 3.145542777115173, 0.9906297749516074, 0.9062246707893724]",0.13121901208518896,0.10825259554771781,0.20675446544164752,0.179911342429346,0.09738236233708693,-1.4439448549033231,/home/sol856/jax-morph/results-natcompsci-2025/concentric-ring-my-own/trained_models_patterns_salt_pepper_sweep/wfrac_1/w12_0/ratio_1-1-4/ncells_40/visualizations_regenerated_sp/train-pattern-4-final.png,/home/sol856/jax-morph/results-natcompsci-2025/concentric-ring-my-own/trained_models_patterns_salt_pepper_sweep/wfrac_1/w12_0/ratio_1-1-4/ncells_40/visualizations_regenerated_sp/train-pattern-4-final-hide-type-3.png
wfrac_5/w12_0/ratio_1-1-4/ncells_40,train-pattern-1,-1.5412699498408122,-1.249536557862004,1488.0421325910283,"[6, 7, 27]","[0.12245424785021428, 0.20067221129184365, 0.676873540857942]","[3.550242142682958, 3.427061871404571, 1.296466292614057, 3.3558876825037096, 0.9322049532604979, 1.2464873495712054]",0.12039180030397661,0.14729830354645235,0.22951450567438966,0.2563288656464565,0.0871611633433724,-1.5461486522337191,/home/sol856/jax-morph/results-natcompsci-2025/concentric-ring-my-own/trained_models_patterns_salt_pepper_sweep/wfrac_5/w12_0/ratio_1-1-4/ncells_40/visualizations_regenerated_sp/train-pattern-1-final.png,/home/sol856/jax-morph/results-natcompsci-2025/concentric-ring-my-own/trained_models_patterns_salt_pepper_sweep/wfrac_5/w12_0/ratio_1-1-4/ncells_40/visualizations_regenerated_sp/train-pattern-1-final-hide-type-3.png
wfrac_5/w12_1/ratio_1-1-8/ncells_60,train-pattern-0,-1.530051603219653,-0.7086235173581477,3244.9315348267296,"[4, 15, 41]","[0.05581600407285397, 0.1502156802920437, 0.7939683156351024]","[3.2017434371878126, 3.7957371661544874, 3.3269773055006384, 3.725633861090171, 0.8221843028413073, 3.1351967470463986]",0.11308451360411036,0.18793208568011116,0.13571250429403,0.14363451376031894,0.14964903685029166,-1.9017245649835723,/home/sol856/jax-morph/results-natcompsci-2025/concentric-ring-my-own/trained_models_patterns_salt_pepper_sweep/wfrac_5/w12_1/ratio_1-1-8/ncells_60/visualizations_regenerated_sp/train-pattern-0-final.png,/home/sol856/jax-morph/results-natcompsci-2025/concentric-ring-my-own/trained_models_patterns_salt_pepper_sweep/wfrac_5/w12_1/ratio_1-1-8/ncells_60/visualizations_regenerated_sp/train-pattern-0-final-hide-type-3.png
wfrac_0/w12_0/ratio_1-1-4/ncells_40,train-pattern-2,-1.4979728682756126,-0.9898257647909432,2078.82873304618,"[4, 2, 34]","[0.03661277813988036, 0.030076586935149908, 0.9333106349249697]","[3.7983976087442777, 3.6751836652821384, 1.1822492290595228, 3.3541193867888452, 1.1762709406214473, 1.1891572240120145]",0.1215632042137394,0.1028217566215658,0.18609286479250362,0.270049986718209,0.11571568600765676,-1.452923038341014,/home/sol856/jax-morph/results-natcompsci-2025/concentric-ring-my-own/trained_models_patterns_salt_pepper_sweep/wfrac_0/w12_0/ratio_1-1-4/ncells_40/visualizations_regenerated_sp/train-pattern-2-final.png,/home/sol856/jax-morph/results-natcompsci-2025/concentric-ring-my-own/trained_models_patterns_salt_pepper_sweep/wfrac_0/w12_0/ratio_1-1-4/ncells_40/visualizations_regenerated_sp/train-pattern-2-final-hide-type-3.png
wfrac_0/w12_0/ratio_1-1-4/ncells_60,train-pattern-3,-1.4871004356971984,-1.3369497084144868,5791.793190906717,"[3, 3, 54]","[0.008575444094636729, 0.007157943494555456, 0.9842666124108078]","[0.8451610893389494, 3.519482773785467, 2.6947490288728773, 1.2707884610485625, 2.7975227820122286, 1.8508633106868058]",0.10305941529207517,0.08687339935648455,0.15271695492619078,0.6447615165914492,0.104937052274135,-1.4714433397496511,/home/sol856/jax-morph/results-natcompsci-2025/concentric-ring-my-own/trained_models_patterns_salt_pepper_sweep/wfrac_0/w12_0/ratio_1-1-4/ncells_60/visualizations_regenerated_sp/train-pattern-3-final.png,/home/sol856/jax-morph/results-natcompsci-2025/concentric-ring-my-own/trained_models_patterns_salt_pepper_sweep/wfrac_0/w12_0/ratio_1-1-4/ncells_60/visualizations_regenerated_sp/train-pattern-3-final-hide-type-3.png
wfrac_0/w12_0/ratio_1-1-8/ncells_40,train-pattern-4,-1.4503391237226706,-1.0800760940358864,2180.640775521246,"[2, 2, 36]","[0.05173123761084566, 0.029200546256582426, 0.919068216132572]","[3.1989775801672993, 3.7557931980433255, 1.1204490130000382, 1.6206428344677213, 1.2685252035977932, 1.1991463994129532]",0.22202614397299386,0.49111031578736175,0.1782605815698489,0.30416778581362225,0.15169799952595175,-1.9702943519145313,/home/sol856/jax-morph/results-natcompsci-2025/concentric-ring-my-own/trained_models_patterns_salt_pepper_sweep/wfrac_0/w12_0/ratio_1-1-8/ncells_40/visualizations_regenerated_sp/train-pattern-4-final.png,/home/sol856/jax-morph/results-natcompsci-2025/concentric-ring-my-own/trained_models_patterns_salt_pepper_sweep/wfrac_0/w12_0/ratio_1-1-8/ncells_40/visualizations_regenerated_sp/train-pattern-4-final-hide-type-3.png
wfrac_5/w12_0/ratio_1-1-8/ncells_40,train-pattern-3,-1.399212680420483,-0.8865407926946691,1629.2311582622344,"[2, 9, 29]","[0.02869267976042986, 0.15700599172257182, 0.8143013285169982]","[3.5316577732617054, 3.19805694087679, 1.7999434845349647, 3.6646799102930236, 0.9357629898819506, 1.2852928045896979]",0.10141616070018014,0.13469886874100748,0.20662252298396802,0.28256395692011693,0.11305081135795492,-1.546627321260781,/home/sol856/jax-morph/results-natcompsci-2025/concentric-ring-my-own/trained_models_patterns_salt_pepper_sweep/wfrac_5/w12_0/ratio_1-1-8/ncells_40/visualizations_regenerated_sp/train-pattern-3-final.png,/home/sol856/jax-morph/results-natcompsci-2025/concentric-ring-my-own/trained_models_patterns_salt_pepper_sweep/wfrac_5/w12_0/ratio_1-1-8/ncells_40/visualizations_regenerated_sp/train-pattern-3-final-hide-type-3.png
wfrac_0/w12_0/ratio_1-1-4/ncells_40,train-pattern-4,-1.3435442773549646,-0.8501730453812357,2290.8119228161268,"[2, 2, 36]","[0.00687823153558252, 0.005760501727825133, 0.9873612667365923]","[3.6140130484741775, 0.800889329951983, 3.0443012990853147, 3.4795216223460015, 3.2580814828884206, 1.7961438741612339]",0.11329702520009834,0.09947350884289413,0.1754999115038452,0.5073240208429912,0.1334352386120397,-1.3052902785072322,/home/sol856/jax-morph/results-natcompsci-2025/concentric-ring-my-own/trained_models_patterns_salt_pepper_sweep/wfrac_0/w12_0/ratio_1-1-4/ncells_40/visualizations_regenerated_sp/train-pattern-4-final.png,/home/sol856/jax-morph/results-natcompsci-2025/concentric-ring-my-own/trained_models_patterns_salt_pepper_sweep/wfrac_0/w12_0/ratio_1-1-4/ncells_40/visualizations_regenerated_sp/train-pattern-4-final-hide-type-3.png
wfrac_5/w12_1/ratio_1-1-8/ncells_60,train-pattern-3,-1.2576830502805179,-0.520821940059673,4205.059677354718,"[3, 10, 47]","[0.10609274900078017, 0.10452639105626854, 0.7893808599429513]","[1.8334236739734473, 3.7956765363797853, 3.01582710053403, 1.1685603118967385, 2.928920077615171, 3.675892435402522]",0.18631537355235378,0.1610192713912703,0.13263529314060257,0.018537208057549062,0.1346460742901433,-1.3834002544252566,/home/sol856/jax-morph/results-natcompsci-2025/concentric-ring-my-own/trained_models_patterns_salt_pepper_sweep/wfrac_5/w12_1/ratio_1-1-8/ncells_60/visualizations_regenerated_sp/train-pattern-3-final.png,/home/sol856/jax-morph/results-natcompsci-2025/concentric-ring-my-own/trained_models_patterns_salt_pepper_sweep/wfrac_5/w12_1/ratio_1-1-8/ncells_60/visualizations_regenerated_sp/train-pattern-3-final-hide-type-3.png
wfrac_1/w12_0/ratio_1-1-8/ncells_60,train-pattern-2,-1.2510985802951073,0.5385504696437261,3673.0454764248548,"[15, 3, 42]","[0.154174025126111, 0.028339664710674638, 0.8174863101632145]","[3.7535323975731574, 3.432636211012209, 2.6196171438130413, 0.8111976188571903, 3.4312020481572985, 3.4295139191981]",0.12543895940095942,0.16912725391157243,0.13762783241375667,0.11119747091348774,0.11712284179173287,-1.4965301065773549,/home/sol856/jax-morph/results-natcompsci-2025/concentric-ring-my-own/trained_models_patterns_salt_pepper_sweep/wfrac_1/w12_0/ratio_1-1-8/ncells_60/visualizations_regenerated_sp/train-pattern-2-final.png,/home/sol856/jax-morph/results-natcompsci-2025/concentric-ring-my-own/trained_models_patterns_salt_pepper_sweep/wfrac_1/w12_0/ratio_1-1-8/ncells_60/visualizations_regenerated_sp/train-pattern-2-final-hide-type-3.png
wfrac_0/w12_0/ratio_1-1-8/ncells_60,train-pattern-3,-1.184094842025826,-0.5144825138616671,4445.279667408779,"[3, 9, 48]","[0.018892665350285148, 0.23684272225933636, 0.7442646123903784]","[3.3855875034768177, 3.5799314523458206, 3.3264975055295656, 3.6128344257468514, 0.9094770550805319, 2.5200458606378993]",0.09769539318405913,0.14221796171383222,0.1433525825249852,0.17939505545846873,0.11486763814215167,-1.664093763910622,/home/sol856/jax-morph/results-natcompsci-2025/concentric-ring-my-own/trained_models_patterns_salt_pepper_sweep/wfrac_0/w12_0/ratio_1-1-8/ncells_60/visualizations_regenerated_sp/train-pattern-3-final.png,/home/sol856/jax-morph/results-natcompsci-2025/concentric-ring-my-own/trained_models_patterns_salt_pepper_sweep/wfrac_0/w12_0/ratio_1-1-8/ncells_60/visualizations_regenerated_sp/train-pattern-3-final-hide-type-3.png
wfrac_1/w12_0/ratio_1-1-8/ncells_60,train-pattern-1,-0.9800619798976213,-0.08010596467605342,3780.062878427141,"[7, 10, 43]","[0.08759409259433944, 0.17182172799057907, 0.7405841794150815]","[2.775272470763528, 3.7935381588815904, 3.063072497310973, 3.7670680757076633, 2.3566883651482007, 2.9108748737929373]",0.10833280161993,0.15424936236905634,0.1394989717357728,0.13253859612730348,0.11243868878512503,-1.4530018816132315,/home/sol856/jax-morph/results-natcompsci-2025/concentric-ring-my-own/trained_models_patterns_salt_pepper_sweep/wfrac_1/w12_0/ratio_1-1-8/ncells_60/visualizations_regenerated_sp/train-pattern-1-final.png,/home/sol856/jax-morph/results-natcompsci-2025/concentric-ring-my-own/trained_models_patterns_salt_pepper_sweep/wfrac_1/w12_0/ratio_1-1-8/ncells_60/visualizations_regenerated_sp/train-pattern-1-final-hide-type-3.png
wfrac_0/w12_1/ratio_1-1-4/ncells_60,train-pattern-2,-0.9086495955335766,-0.4450828970628976,2733.903985389269,"[17, 34, 9]","[0.16400539344081644, 0.5992876704348467, 0.23670693612433688]","[3.7843700598388006, 3.363130343995331, 3.547442780295764, 3.4981498703321465, 2.124449607728025, 3.3076967753581137]",0.1280226916762327,0.1355421848935478,0.15183433189743303,0.12696447815055034,0.05663388152969813,-1.4680690197504385,/home/sol856/jax-morph/results-natcompsci-2025/concentric-ring-my-own/trained_models_patterns_salt_pepper_sweep/wfrac_0/w12_1/ratio_1-1-4/ncells_60/visualizations_regenerated_sp/train-pattern-2-final.png,/home/sol856/jax-morph/results-natcompsci-2025/concentric-ring-my-own/trained_models_patterns_salt_pepper_sweep/wfrac_0/w12_1/ratio_1-1-4/ncells_60/visualizations_regenerated_sp/train-pattern-2-final-hide-type-3.png
wfrac_1/w12_0/ratio_1-1-8/ncells_60,train-pattern-3,-0.6112464273863363,-0.4925103875784844,4316.155946524536,"[3, 9, 48]","[0.06561857670998834, 0.20827620777479358, 0.726105215515218]","[2.6690707933560893, 3.578579461486501, 3.585953788764458, 2.8467260161182955, 1.104898043456906, 3.5218818812973733]",0.1201389691221206,0.1987022742807236,0.13762646842339413,0.18448389676411447,0.13632324404888171,-1.5327195918452203,/home/sol856/jax-morph/results-natcompsci-2025/concentric-ring-my-own/trained_models_patterns_salt_pepper_sweep/wfrac_1/w12_0/ratio_1-1-8/ncells_60/visualizations_regenerated_sp/train-pattern-3-final.png,/home/sol856/jax-morph/results-natcompsci-2025/concentric-ring-my-own/trained_models_patterns_salt_pepper_sweep/wfrac_1/w12_0/ratio_1-1-8/ncells_60/visualizations_regenerated_sp/train-pattern-3-final-hide-type-3.png
